totalArea,Ecc,EquivlentDiameter,weightedX,weightedY,Rectangularity,Circularity,Elongation,EulerNumber,Class
70,0.627099,9.440697,31,31.328571,0.875,0.999867,0.8,1,0
50,0.87164,7.978846,30.72,33.84,0.568182,1.260475,0.727273,1,0
742,0.897328,30.736684,20.675202,37.605121,0.432401,3.950429,0.886364,1,0
81,0.665302,10.155413,34.91358,31.604938,0.736364,0.942331,0.909091,1,0
0,0,0,0,0,0,0,0,0,0
37,0.657921,6.863663,33.189189,31.459459,0.770833,0.902552,0.75,1,0
395,0.717481,22.426092,32.470886,32.997468,0.498737,1.835919,0.727273,1,0
33,0.676288,6.482045,33.030303,32.424242,0.785714,0.824002,0.857143,1,0
61,0.525278,8.812923,32,31.95082,0.753086,0.891543,1,1,0
0,0,0,0,0,0,0,0,0,0
397,0.763388,22.482796,29.163728,32.267003,0.539402,1.582059,0.71875,1,0
12,0.795006,3.90882,31.916667,31.833333,0.8,0.695717,0.6,1,0
19,0.520704,4.918491,32.842105,31.842105,0.76,0.715581,1,1,0
194,0.452038,15.716503,35.113402,29.634021,0.808333,0.993463,0.9375,1,0
0,0,0,0,0,0,0,0,0,0
95,0.866479,10.99808,32.063158,29.926316,0.487179,1.437121,0.866667,1,0
289,0.732719,19.182446,26.951557,24.868512,0.688095,1.261973,0.952381,1,0
0,0,0,0,0,0,0,0,0,0
21,0.687488,5.170883,31.095238,31.285714,0.7,0.795105,0.833333,1,0
40,0.687109,7.136496,32.125,32.225,0.714286,0.90375,0.875,1,0
0,0,0,0,0,0,0,0,0,0
961,0.874951,34.979754,41.773153,23.752341,0.337193,6.098479,0.877193,-4,0
96,0.745641,11.055813,31.604167,32.78125,0.738462,1.047981,0.769231,1,0
0,0,0,0,0,0,0,0,0,0
272,0.539758,18.609706,31.533088,33.356618,0.719577,1.092658,0.857143,1,0
30,0.517432,6.180387,31.3,31.9,0.714286,0.849866,0.857143,1,0
0,0,0,0,0,0,0,0,0,0
70,0.713697,9.440697,32.142857,31.8,0.795455,0.938211,0.727273,1,0
48,0.472273,7.81764,32.125,30.770833,0.857143,0.882438,0.875,1,0
458,0.553159,24.148369,32.008734,32.980349,0.765886,1.078056,0.884615,1,0
1045,0.783995,36.476504,20.466986,19.226794,0.55,1.903177,0.76,1,0
2,1,1.595769,31,31.5,1,0,0.5,1,0
213,0.664448,16.468152,29.140845,30.605634,0.788889,1.105007,0.833333,1,0
40,0.724051,7.136496,31.225,31.075,0.714286,1.417441,0.875,0,0
0,0,0,0,0,0,0,0,0,0
11,0.708444,3.74241,31.909091,32.636364,0.916667,0.641159,0.75,1,0
17,0.815319,4.652426,32.588235,31.705882,0.566667,0.904356,0.833333,1,0
29,0.492183,6.076508,32.517241,31.172414,0.690476,0.879172,0.857143,1,0
578,0.474125,27.128075,31.432526,31.576125,0.76455,1.105245,0.964286,1,0
323,0.648261,20.279457,31.96904,39.346749,0.690171,1.551458,0.692308,1,0
190,0.709914,15.553633,31.584211,30.415789,0.714286,1.160007,0.736842,1,0
432,0.502927,23.452921,38.68287,34.578704,0.785455,1.062332,0.88,1,0
369,0.831113,21.675456,37.203252,31.230352,0.476129,2.709226,0.806452,1,0
178,0.628771,15.054456,30.938202,32.926966,0.669173,1.156897,0.736842,1,0
121,0.421492,12.412171,31.190083,33.165289,0.775641,1.029052,0.923077,1,0
36,0.758972,6.770275,30.972222,29,0.571429,1.226602,0.777778,1,0
198,0.813432,15.877702,30.651515,34.838384,0.66,1.404386,0.75,1,0
21,0,5.170883,32,32,0.84,0.70676,1,1,0
0,0,0,0,0,0,0,0,0,0
323,0.648261,20.279457,31.96904,31.346749,0.690171,1.551458,0.692308,1,0
303,0.437929,19.641578,28.323432,29.026403,0.450893,1.623913,0.857143,1,0
0,0,0,0,0,0,0,0,0,0
26,0.80035,5.753627,32,32.115385,0.722222,0.954209,1,1,0
9,0.694588,3.385138,33.111111,33.666667,0.75,0.600731,0.75,1,0
298,0.668106,19.478845,31.365772,31.057047,0.483766,1.722738,0.785714,1,0
7,0.377964,2.985411,32.285714,32,0.777778,0.53007,1,1,0
406,0.370184,22.73621,29.608374,23.576355,0.537037,1.613848,0.964286,1,0
30,0.450972,6.180387,32.366667,32.633333,0.833333,0.773019,1,1,0
980,0.611909,35.323855,33.328571,28.309184,0.651163,1.394644,0.813953,1,0
427,0.711341,23.316803,25.142857,34.552693,0.635417,1.31,0.857143,1,0
7,0.816497,2.985411,31,32,0.777778,0.53007,1,1,0
22,0.798047,5.292567,31.772727,31.590909,0.785714,0.821591,0.571429,1,0
27,0.584349,5.86323,31.259259,32.259259,0.75,0.800975,1,1,0
13,0.523557,4.068429,31.384615,30.615385,0.8125,0.642201,1,1,0
0,0,0,0,0,0,0,0,0,0
389,0.729436,22.255116,33.426735,31.763496,0.676522,1.315266,0.92,1,0
265,0.462848,18.368682,32.181132,31.184906,0.774854,1.040718,0.947368,1,0
7,0.377964,2.985411,33,33.285714,0.777778,0.53007,1,1,0
658,0.908656,28.94463,29.405775,33.024316,0.37643,4.059055,0.826087,1,0
110,0.818051,11.834541,31.754545,30.072727,0.654762,1.214343,0.857143,1,0
155,0.41382,14.048207,34.232258,30.651613,0.538194,3.17162,0.888889,1,0
9,0,3.385138,48,4,1,0.565884,1,1,0
47,0.872499,7.735778,33.340426,30,0.580247,1.157109,1,1,0
100,0.818905,11.283792,31.33,30.85,0.740741,1.193544,0.6,1,0
0,0,0,0,0,0,0,0,0,0
311,0.703176,19.899183,33.958199,29.501608,0.691111,1.285154,0.72,1,0
112,0.908875,11.941643,33.821429,33.303571,0.470588,1.483801,0.823529,1,0
270,0.802081,18.541162,29.625926,29.614815,0.47619,2.476691,0.777778,1,0
539,0.438962,26.196872,20.213358,29.506494,0.767806,1.132895,0.962963,1,0
25,0.693235,5.641896,31,30.84,0.694444,0.865053,1,1,0
1573,0.789304,44.752718,19.586777,18.54609,0.493723,2.023359,0.915254,1,0
5,0.816497,2.523133,31.2,30.6,0.833333,0.431532,0.666667,1,0
50,0.803042,7.978846,33.64,31.18,0.694444,1.019839,0.888889,1,0
32,0.436482,6.383076,31.625,30.21875,0.888889,0.827591,1,1,0
796,0.623272,31.835494,20.721106,35.120603,0.690972,1.326495,0.888889,1,0
56,0.495983,8.444016,31,32.303571,0.777778,0.953201,0.888889,1,0
98,0.368834,11.170384,33.173469,30.153061,0.809917,0.979313,1,1,0
372,0.579852,21.763389,36.951613,32.459677,0.461538,2.082615,0.83871,1,0
41,0.903905,7.225152,31.390244,33.756098,0.621212,1.411843,0.545455,1,0
0,0,0,0,0,0,0,0,0,0
94,0.671677,10.940042,29.776596,32.202128,0.522222,1.580867,0.8,1,0
0,0,0,0,0,0,0,0,0,0
291,0.733699,19.248707,31.714777,32.189003,0.744246,1.222814,0.73913,1,0
0,0,0,0,0,0,0,0,0,0
83,0.571145,10.280023,31.156627,33.626506,0.754545,0.954741,0.909091,1,0
38,0.515292,6.955796,33.815789,30.421053,0.678571,0.951316,0.875,1,0
75,0.449388,9.77205,30.026667,30.56,0.833333,0.911739,0.9,1,0
0,0,0,0,0,0,0,0,0,0
287,0.848044,19.115955,32.860627,28.522648,0.640625,1.468276,0.571429,1,0
16,0.57735,4.513517,32,31.5,0.8,0.675823,0.8,1,0
37,0.658214,6.863663,32.297297,30.837838,0.770833,0.851672,0.75,1,0
2,1,1.595769,33.5,32,1,0,0.5,1,0
10,0.612372,3.568248,30,32.2,0.833333,0.620236,0.75,1,0
10,0.829655,3.568248,31.8,32.9,0.666667,0.742098,0.6,1,0
10,0.791741,3.568248,30.7,31.2,0.833333,0.536007,0.75,1,0
22,0.590475,5.292567,33.5,31.909091,0.733333,0.821591,0.833333,1,0
163,0.840835,14.406181,30.02454,31.306748,0.582143,1.364653,0.7,1,0
4,0,2.256758,30.5,31.5,1,0.31831,1,1,0
119,0.603511,12.309163,31.97479,29.394958,0.772727,1.141383,0.785714,1,0
62,0.452709,8.884866,31.870968,31.258065,0.765432,0.916914,1,1,0
450,0.86346,23.936537,36.137778,17.848889,0.459184,2.217583,0.8,1,0
23,0.589597,5.411516,32.608696,31.347826,0.766667,0.785869,0.833333,1,0
82,0.800821,10.217908,32.829268,30.853659,0.683333,1.092762,0.833333,1,0
77,0.64052,9.901487,30.324675,31.571429,0.7,1.029136,0.909091,1,0
471,0.529338,24.488688,27.721868,38.481953,0.67094,1.262008,0.962963,1,0
52,0.904805,8.136858,32.153846,31.346154,0.722222,1.315008,0.5,1,0
0,0,0,0,0,0,0,0,0,0
606,0.762321,27.777386,39.105611,36.235974,0.467593,2.007395,1,1,0
0,0,0,0,0,0,0,0,0,0
39,0.731235,7.046726,32.307692,32.102564,0.609375,0.948148,1,1,0
0,0,0,0,0,0,0,0,0,0
21,0.742988,5.170883,31.095238,31.52381,0.7,0.795105,0.833333,1,1
0,0,0,0,0,0,0,0,0,1
0,0,0,0,0,0,0,0,0,1
55,0.270545,8.368284,30.781818,31.527273,0.859375,0.867436,1,1,1
0,0,0,0,0,0,0,0,0,1
38,0.981624,6.955796,47.921053,18.394737,0.506667,1.601814,0.333333,1,1
3,0.816497,1.95441,31.666667,31.666667,0.75,0.309208,1,1,1
13,0.948683,4.068429,31,31,0.52,0.285422,1,1,1
0,0,0,0,0,0,0,0,0,1
0,0,0,0,0,0,0,0,0,1
0,0,0,0,0,0,0,0,0,1
0,0,0,0,0,0,0,0,0,1
60,0.877939,8.740387,30.616667,31.55,0.606061,1.113148,0.818182,1,1
0,0,0,0,0,0,0,0,0,1
0,0,0,0,0,0,0,0,0,1
7,0.816497,2.985411,31,33,0.777778,0.53007,1,1,1
0,0,0,0,0,0,0,0,0,1
30,0.978074,6.180387,32.333333,30.233333,0.461538,1.536949,0.384615,1,1
0,0,0,0,0,0,0,0,0,1
0,0,0,0,0,0,0,0,0,1
0,0,0,0,0,0,0,0,0,1
0,0,0,0,0,0,0,0,0,1
26,0.867589,5.753627,32.692308,32.076923,0.619048,0.980615,0.857143,1,1
19,0.918396,4.918491,29.631579,32.105263,0.791667,1.026705,0.375,1,1
0,0,0,0,0,0,0,0,0,1
0,0,0,0,0,0,0,0,0,1
916,0.882385,34.150951,29.936681,20.050218,0.373878,3.518138,0.98,1,1
0,0,0,0,0,0,0,0,0,1
14,0.937104,4.222008,30.571429,32.357143,0.583333,0.965872,0.666667,1,1
16,0.57735,4.513517,32,31.5,0.8,0.675823,0.8,1,1
28,0.958998,5.970821,33.428571,29.321429,0.466667,1.291071,0.6,1,1
44,0.912274,7.484821,32.795455,32.295455,0.5,1.255665,0.727273,1,1
4,0,2.256758,31.5,31.5,1,0.31831,1,1,1
0,0,0,0,0,0,0,0,0,1
55,0.947773,8.368284,36.290909,54.836364,0.407407,1.93354,0.6,1,1
23,0.959488,5.411516,29.913043,30.608696,0.359375,0.424074,1,1,1
0,0,0,0,0,0,0,0,0,1
513,0.966668,25.557228,31.729045,34.237817,0.409091,3.002233,0.385965,1,1
14,0.685853,4.222008,32.5,32.857143,0.7,0.718454,0.8,1,1
66,0.879151,9.166996,35.530303,30.636364,0.5,1.596194,0.916667,1,1
4,0,2.256758,31.5,30.5,1,0.31831,1,1,1
0,0,0,0,0,0,0,0,0,1
13,0.523557,4.068429,31.615385,32.384615,0.8125,0.642201,1,1,1
9,0.694588,3.385138,31.888889,30.333333,0.75,0.600731,0.75,1,1
0,0,0,0,0,0,0,0,0,1
135,0.957248,13.110581,33.259259,31.911111,0.5625,1.721525,0.416667,1,1
198,0.870628,15.877702,29.939394,29.30303,0.473684,2.467528,0.863636,0,1
51,0.614175,8.058239,30.921569,33.529412,0.708333,0.909434,0.888889,1,1
0,0,0,0,0,0,0,0,0,1
0,0,0,0,0,0,0,0,0,1
0,0,0,0,0,0,0,0,0,1
9,0.966697,3.385138,29.333333,31,0.5,0.595563,0.5,1,1
8,0.894427,3.191538,38.5,8.5,1,0.63662,0.5,1,1
161,0.859211,14.317527,42.534161,30.279503,0.31384,3.712721,0.703704,1,1
0,0,0,0,0,0,0,0,0,1
5,0,2.523133,32,32,0.555556,0.509296,1,1,1
0,0,0,0,0,0,0,0,0,1
0,0,0,0,0,0,0,0,0,1
940,0.737673,34.59545,22.17234,30.535106,0.305393,7.763831,0.947368,-1,1
226,0.949674,16.963258,29.889381,30.929204,0.366883,2.406399,0.785714,1,1
0,0,0,0,0,0,0,0,0,1
0,0,0,0,0,0,0,0,0,1
17,0.861948,4.652426,32.176471,31.882353,0.566667,1.005594,0.833333,1,1
995,0.875472,35.593164,24.879397,26.850251,0.366618,5.034661,0.779661,0,1
299,0.950924,19.5115,13.535117,38.949833,0.371429,2.326584,0.657143,1,1
0,0,0,0,0,0,0,0,0,1
0,0,0,0,0,0,0,0,0,1
32,0.967454,6.383076,31.8125,30.8125,0.355556,1.602459,0.9,1,1
44,0.976448,7.484821,34.863636,25.454545,0.488889,1.864344,0.4,1,1
74,0.818213,9.706685,32.783784,32.175676,0.685185,1.127821,0.75,1,1
35,0.956646,6.675581,32.171429,32.542857,0.353535,1.261648,0.818182,1,1
2,1,1.595769,33,31.5,1,0,0.5,1,1
0,0,0,0,0,0,0,0,0,1
0,0,0,0,0,0,0,0,0,1
0,0,0,0,0,0,0,0,0,1
0,0,0,0,0,0,0,0,0,1
357,0.969569,21.320097,42.05042,28.689076,0.329032,2.223815,0.885714,1,1
0,0,0,0,0,0,0,0,0,1
75,0.987114,9.77205,24.693333,39.48,0.219298,1.927999,0.947368,1,1
35,0.83522,6.675581,34.914286,32.142857,0.777778,1.149526,0.555556,1,1
0,0,0,0,0,0,0,0,0,1
79,0.987946,10.029253,28.620253,33.962025,0.268707,2.717601,0.666667,1,1
578,0.887772,27.128075,27.544983,44.82526,0.256889,5.112977,0.9,1,1
4,0,2.256758,31.5,31.5,1,0.31831,1,1,1
0,0,0,0,0,0,0,0,0,1
69,0.587739,9.373021,29.043478,34.942029,0.69,1.007494,1,1,1
11,0.747471,3.74241,31.545455,32.181818,0.6875,0.674635,1,1,1
134,0.973293,13.061933,36.156716,30.440299,0.282105,2.733159,0.76,1,1
0,0,0,0,0,0,0,0,0,1
0,0,0,0,0,0,0,0,0,1
0,0,0,0,0,0,0,0,0,1
0,0,0,0,0,0,0,0,0,1
128,0.652654,12.766153,29.546875,31.609375,0.426667,3.062341,0.75,1,1
0,0,0,0,0,0,0,0,0,1
1056,0.690594,36.667983,30.066288,47.319129,0.651852,2.254156,0.8,0,1
0,0,0,0,0,0,0,0,0,1
730,0.597403,30.487126,40.632877,20.545205,0.426901,2.82049,0.844444,1,1
199,0.979813,15.917747,34.648241,32.894472,0.188805,4.956522,0.911765,1,1
0,0,0,0,0,0,0,0,0,1
0,0,0,0,0,0,0,0,0,1
1845,0.598685,48.467793,27.138753,28.456369,0.588329,2.91359,1,0,1
146,0.988816,13.634257,34.719178,30.691781,0.151925,2.767362,1,1,1
0,0,0,0,0,0,0,0,0,1
0,0,0,0,0,0,0,0,0,1
1254,0.661996,39.958008,43.944976,43.582137,0.592908,2.235848,0.957447,1,1
0,0,0,0,0,0,0,0,0,1
0,0,0,0,0,0,0,0,0,1
0,0,0,0,0,0,0,0,0,1
0,0,0,0,0,0,0,0,0,1
129,0.839611,12.815924,33.682171,30.457364,0.551282,1.438175,0.722222,1,1
396,0.918756,22.454462,40.979798,16.830808,0.465882,3.588933,0.735294,1,1
0,0,0,0,0,0,0,0,0,1
29,0.924986,6.076508,31.724138,34.482759,0.725,1.082739,0.4,1,1
0,0,0,0,0,0,0,0,0,1
0,0,0,0,0,0,0,0,0,1
278,0.991946,18.81384,27.064748,37.967626,0.349686,3.942312,0.283019,1,1
0,0,0,0,0,0,0,0,0,1
50,0.814129,7.978846,32.1,30.96,0.505051,1.019839,0.818182,1,1
0,0,0,0,0,0,0,0,0,1
120,0.970026,12.360774,41.6,40.483333,0.248447,2.544293,0.913043,1,1
671,0.480329,29.229159,20.511177,25.818182,0.38125,3.893719,0.909091,0,1
9,0.932497,3.385138,30.222222,31.111111,0.6,0.749539,0.6,1,1
13,0.523557,4.068429,30.615385,32.615385,0.8125,0.642201,1,1,1
492,0.657051,25.028661,27.880081,40.457317,0.382284,2.408343,0.846154,1,1
432,0.90147,23.452921,16.49537,35.430556,0.614509,3.381963,0.513514,1,1
580,0.80838,27.174969,9.506897,24.486207,0.315904,4.990133,0.705882,1,1
798,0.738091,31.875463,18.625313,38.967419,0.533422,3.176202,0.772727,1,1
2,1,1.595769,31.5,32,1,0,0.5,1,1
1011,0.363285,35.878199,38.246291,44.447082,0.604665,1.940615,0.863636,1,1
53,0.624614,8.214724,30.867925,32.622642,0.736111,0.918099,0.888889,1,1
0,0,0,0,0,0,0,0,0,1
0,0,0,0,0,0,0,0,0,1
11,0.747471,3.74241,31.181818,31.454545,0.6875,0.674635,1,1,1
519,0.981184,25.706251,22.177264,30.747592,0.220289,5.676057,0.612903,0,1
0,0,0,0,0,0,0,0,0,1
0,0,0,0,0,0,0,0,0,1
0,0,0,0,0,0,0,0,0,1
71,0.980057,9.507892,31.239437,32.15493,0.261029,2.568382,0.941176,1,1
30,0.977983,6.180387,34,35.633333,0.277778,1.292158,0.75,1,1
0,0,0,0,0,0,0,0,0,1
72,0.637576,9.574615,32.236111,32.333333,0.818182,0.949728,0.727273,1,1
721,0.883029,30.298609,26.31068,19.997226,0.377883,4.036467,0.679245,1,1
0,0,0,0,0,0,0,0,0,1
34,0.508256,6.579525,32,31.735294,0.809524,0.799767,0.857143,1,1
34,0.924861,6.579525,33.294118,32.441176,0.566667,1.227335,0.6,1,1
28,0.8054,5.970821,31,31.5,0.666667,0.851946,0.857143,1,1
743,0.828496,30.757389,46.784657,27.043069,0.491402,2.513599,0.857143,1,1
0,0,0,0,0,0,0,0,0,1
7,0.377964,2.985411,32.285714,32,0.777778,0.53007,1,1,1
477,0.874551,24.644173,16.431866,27.431866,0.321862,4.709951,0.974359,1,1
0,0,0,0,0,0,0,0,0,1
1046,0.81668,36.493952,41.372849,50.1826,0.569717,2.745913,0.62963,1,1
361,0.9905,21.439204,31.980609,29.883657,0.267407,3.55644,0.462963,1,1
54,0.986343,8.29186,45.740741,19.574074,0.54,2.269409,0.25,1,1
0,0,0,0,0,0,0,0,0,1
0,0,0,0,0,0,0,0,0,1
0,0,0,0,0,0,0,0,0,1
0,0,0,0,0,0,0,0,0,1
133,0.975369,13.013103,34.43609,32.052632,0.527778,2.196683,0.321429,1,1
0,0,0,0,0,0,0,0,0,1
59,0.910167,8.667245,32.59322,29.627119,0.75641,1.219652,0.461538,1,1
82,0.930479,10.217908,30.109756,29.719512,0.341667,2.262495,0.9375,1,1
0,0,0,0,0,0,0,0,0,1
755,0.912374,31.004772,38.198675,44.499338,0.323064,5.250684,0.719298,1,1
0,0,0,0,0,0,0,0,0,1
0,0,0,0,0,0,0,0,0,1
37,0.967658,6.863663,31.945946,31.72973,0.474359,1.604537,0.461538,1,1
7,0.377964,2.985411,31.714286,32,0.777778,0.53007,1,1,1
918,0.710233,34.188213,48.652505,36.002179,0.478125,4.521051,0.833333,-1,1
450,0.909098,23.936537,13.337778,39.775556,0.494505,2.822035,0.742857,1,1
80,0.47533,10.09253,33.575,31.525,0.8,0.90375,1,1,1
0,0,0,0,0,0,0,0,0,1
12,0.771087,3.90882,31.666667,32.166667,0.6,0.753125,0.8,1,1
0,0,0,0,0,0,0,0,0,1
25,0.973454,5.641896,30.44,33.8,0.568182,1.408501,0.363636,1,1
0,0,0,0,0,0,0,0,0,1
0,0,0,0,0,0,0,0,0,1
0,0,0,0,0,0,0,0,0,1
495,0.785732,25.104852,43.028283,35.448485,0.407072,5.150352,0.842105,1,1
307,0.976925,19.7708,36.319218,24.452769,0.232576,3.077037,0.825,1,1
0,0,0,0,0,0,0,0,0,1
0,0,0,0,0,0,0,0,0,1
6,0.790569,2.763953,32.5,32,1,0.477465,0.666667,1,1
0,0,0,0,0,0,0,0,0,1
1226,0.721196,39.509387,28.568515,33.931485,0.395484,8.144167,0.806452,-1,1
0,0,0,0,0,0,0,0,0,1
54,0.940219,8.29186,30.944444,30.962963,0.519231,1.578459,0.615385,1,1
0,0,0,0,0,0,0,0,0,1
13,0.784101,4.068429,31,33.307692,0.866667,0.717757,0.6,1,1
0,0,0,0,0,0,0,0,0,1
0,0,0,0,0,0,0,0,0,1
526,0.94753,25.879026,19.705323,20.503802,0.370684,2.587368,0.767442,1,1
336,0.987457,20.683532,42.955357,39.431548,0.214834,3.782003,0.73913,1,1
23,0.523279,5.411516,31.347826,30.565217,0.638889,1.028655,1,1,1
0,0,0,0,0,0,0,0,0,1
0,0,0,0,0,0,0,0,0,1
0,0,0,0,0,0,0,0,0,1
1023,0.866451,36.090498,43.828935,18.822092,0.570871,1.812234,0.571429,1,1
0,0,0,0,0,0,0,0,0,1
0,0,0,0,0,0,0,0,0,1
0,0,0,0,0,0,0,0,0,1
4,0,2.256758,32.5,32.5,1,0.31831,1,1,1
43,0.595428,7.399277,31.046512,31.348837,0.767857,0.935661,0.875,1,1
0,0,0,0,0,0,0,0,0,1
0,0,0,0,0,0,0,0,0,1
0,0,0,0,0,0,0,0,0,1
1225,0.911817,39.493271,29.079184,21.955918,0.467022,2.563377,0.704918,1,1
10,0.616441,3.568248,32.3,32.3,0.625,0.654797,1,1,1
428,0.988175,23.34409,28.5,33.009346,0.195971,3.553028,0.807692,1,1
0,0,0,0,0,0,0,0,0,1
0,0,0,0,0,0,0,0,0,1
0,0,0,0,0,0,0,0,0,1
0,0,0,0,0,0,0,0,0,1
274,0.95932,18.677999,35.419708,36.525547,0.224774,6.449391,0.433962,1,1
7,0.377964,2.985411,31.285714,32,0.777778,0.53007,1,1,1
0,0,0,0,0,0,0,0,0,1
34,0.779545,6.579525,30.911765,31,0.693878,0.873057,1,1,1
0,0,0,0,0,0,0,0,0,1
0,0,0,0,0,0,0,0,0,1
0,0,0,0,0,0,0,0,0,1
19,0.520704,4.918491,32.157895,31.842105,0.76,0.715581,1,1,1
15,0.71318,4.370194,31.666667,31.466667,0.75,0.720878,0.8,1,1
167,0.992007,14.581872,28.017964,44.718563,0.309259,3.264487,0.416667,1,1
0,0,0,0,0,0,0,0,0,1
5,0,2.523133,32,32,0.555556,0.509296,1,1,1
0,0,0,0,0,0,0,0,0,1
15,0.734389,4.370194,31.066667,32.266667,0.75,0.720878,0.8,1,1
34,0.479527,6.579525,32.5,31.529412,0.708333,0.873057,0.75,1,1
25,0.840201,5.641896,36.68,35.52,0.694444,0.927623,1,1,1
63,0.886538,8.956232,28.888889,31.31746,0.45,1.460707,0.714286,1,1
0,0,0,0,0,0,0,0,0,1
2126,0.78621,52.027947,30.977893,30.476952,0.651348,4.462708,0.796875,-15,1
0,0,0,0,0,0,0,0,0,1
0,0,0,0,0,0,0,0,0,1
84,0.946949,10.341766,31.571429,31.940476,0.35,1.942699,0.9375,1,1
0,0,0,0,0,0,0,0,0,1
10,0.910771,3.568248,33.1,33.2,0.5,0.466542,0.8,1,1
0,0,0,0,0,0,0,0,0,1
339,0.976197,20.775664,34.141593,37.017699,0.434615,3.700922,0.288462,1,1
0,0,0,0,0,0,0,0,0,1
0,0,0,0,0,0,0,0,0,1
641,0.73839,28.568279,27.953198,21.797192,0.356111,2.6446,0.72,1,1
14,0.863839,4.222008,31.857143,33.785714,0.777778,0.795273,0.5,1,1
15,0.86044,4.370194,31.933333,30.666667,0.833333,0.79515,0.5,1,1
0,0,0,0,0,0,0,0,0,1
0,0,0,0,0,0,0,0,0,1
0,0,0,0,0,0,0,0,0,1
2,1,1.595769,31,32.5,1,0,0.5,1,1
270,0.990225,18.541162,27.148148,34.6,0.177632,3.991076,0.95,1,1
49,0.979358,7.898654,30.122449,28,0.362963,2.013748,0.6,1,1
10,0.935414,3.568248,31,31.5,1,0.795775,0.4,1,1
0,0,0,0,0,0,0,0,0,1
529,0.927103,25.952721,33.52552,18.742911,0.383333,2.365422,0.652174,1,1
18,0.938471,4.787307,35,30.5,0.642857,1.02716,0.571429,1,1
1381,0.747871,41.93261,37.629978,20.044171,0.590929,2.874234,0.719298,1,1
0,0,0,0,0,0,0,0,0,1
0,0,0,0,0,0,0,0,0,1
4,0,2.256758,19.5,22.5,1,0.31831,1,1,1
0,0,0,0,0,0,0,0,0,1
32,0.916576,6.383076,32.5,33.28125,0.8,1.104112,0.4,1,1
2,1,1.595769,32.5,32,1,0,0.5,1,1
24,0.584987,5.527906,31.875,32.666667,0.8,0.753125,0.833333,1,1
0,0,0,0,0,0,0,0,0,1
41,0.6174,7.225152,31.926829,30.414634,0.569444,1.426121,0.888889,1,1
0,0,0,0,0,0,0,0,0,1
24,0.875116,5.527906,30.291667,32.416667,0.75,0.966274,0.5,1,1
0,0,0,0,0,0,0,0,0,1
393,0.925672,22.369245,37.796438,21.35369,0.481028,2.074552,0.44186,1,1
253,0.896193,17.947969,26.185771,35.189723,0.268293,4.291342,0.560976,1,1
141,0.9205,13.39876,30.51773,32.992908,0.34058,2.359837,0.782609,1,1
24,0.905991,5.527906,31.708333,31.583333,0.5,0.927818,0.75,1,1
0,0,0,0,0,0,0,0,0,1
0,0,0,0,0,0,0,0,0,1
0,0,0,0,0,0,0,0,0,1
59,0.974594,8.667245,48.694915,11.169492,0.655556,1.832914,0.277778,1,1
0,0,0,0,0,0,0,0,0,1
0,0,0,0,0,0,0,0,0,1
0,0,0,0,0,0,0,0,0,1
94,0.980563,10.940042,32.138298,24.521277,0.537143,2.632459,0.28,1,1
0,0,0,0,0,0,0,0,0,1
0,0,0,0,0,0,0,0,0,1
0,0,0,0,0,0,0,0,0,1
0,0,0,0,0,0,0,0,0,1
0,0,0,0,0,0,0,0,0,1
996,0.823578,35.611046,38.178715,30.522088,0.527822,2.208732,0.72549,1,1
6,0.790569,2.763953,35,29.5,1,0.477465,0.666667,1,1
116,0.980562,12.153016,37.982759,33.810345,0.340176,3.412258,0.354839,1,1
17,0.924784,4.652426,50.176471,18.764706,0.809524,0.86852,0.428571,1,1
0,0,0,0,0,0,0,0,0,1
0,0,0,0,0,0,0,0,0,1
0,0,0,0,0,0,0,0,0,1
157,0.946319,14.13855,36.929936,25.522293,0.330526,2.979412,0.76,1,1
677,0.950291,29.35955,33.756278,30.338257,0.464335,2.253723,0.5,1,1
0,0,0,0,0,0,0,0,0,1
356,0.978385,21.290216,26.488764,29.042135,0.539394,4.85409,0.218182,0,1
0,0,0,0,0,0,0,0,0,1
0,0,0,0,0,0,0,0,0,1
0,0,0,0,0,0,0,0,0,1
103,0.963295,11.451798,33.669903,17.572816,0.476852,2.372962,0.375,1,1
0,0,0,0,0,0,0,0,0,1
53,0.981901,8.214724,30.962264,30.886792,0.294444,2.149269,0.8,1,1
0,0,0,0,0,0,0,0,0,1
30,0.953652,6.180387,33.466667,31.9,0.6,1.341114,0.5,1,1
196,0.893516,15.797308,35.826531,35.658163,0.252252,4.661799,0.567568,1,1
0,0,0,0,0,0,0,0,0,1
266,0.957553,18.403307,40.225564,42.176692,0.273663,3.886752,0.75,1,1
0,0,0,0,0,0,0,0,0,1
0,0,0,0,0,0,0,0,0,1
1124,0.872385,37.830163,33.850534,43.236655,0.52919,1.648887,0.610169,1,1
0,0,0,0,0,0,0,0,0,1
0,0,0,0,0,0,0,0,0,1
0,0,0,0,0,0,0,0,0,1
0,0,0,0,0,0,0,0,0,1
38,0.904548,6.955796,31.894737,32.184211,0.633333,1.138228,0.6,1,1
1377,0.713528,41.871838,35.534495,19.721859,0.57375,2.836488,0.96,-1,1
2,1,1.595769,31.5,31,1,0,0.5,1,1
363,0.886223,21.498511,25.146006,47.517906,0.258547,3.935332,0.923077,1,1
0,0,0,0,0,0,0,0,0,1
2,1,1.595769,31.5,31,1,0,0.5,1,1
0,0,0,0,0,0,0,0,0,1
23,0.815519,5.411516,32.26087,32.217391,0.657143,0.874639,0.714286,1,1
0,0,0,0,0,0,0,0,0,1
0,0,0,0,0,0,0,0,0,1
269,0.953444,18.506794,39.275093,31.918216,0.395588,2.158848,0.588235,1,1
0,0,0,0,0,0,0,0,0,1
622,0.901898,28.141695,45.382637,15.369775,0.441761,2.761522,0.727273,-1,1
4,0,2.256758,53.5,50.5,1,0.31831,1,1,1
0,0,0,0,0,0,0,0,0,1
0,0,0,0,0,0,0,0,0,1
1171,0.65458,38.612997,35.596926,36.113578,0.417023,5.395178,0.962963,1,1
0,0,0,0,0,0,0,0,0,1
1025,0.552545,36.12576,31.077073,17.82439,0.311929,8.058912,0.854839,0,1
0,0,0,0,0,0,0,0,0,1
7,0.377964,2.985411,32.285714,31,0.777778,0.53007,1,1,1
603,0.759259,27.708545,38.419569,21.757877,0.554228,1.654913,0.941176,1,1
0,0,0,0,0,0,0,0,0,1
0,0,0,0,0,0,0,0,0,1
571,0.93741,26.963304,28.838879,19.910683,0.477425,2.133905,0.442308,1,1
121,0.815931,12.412171,39.975207,33.132231,0.55,2.62797,0.55,1,1
463,0.975745,24.279825,21,18.228942,0.334055,2.658417,0.785714,1,1
1027,0.888597,36.160987,41.898734,35.174294,0.412284,3.897393,0.886792,-1,1
0,0,0,0,0,0,0,0,0,1
8,0.894427,3.191538,31.5,31.5,1,0.63662,0.5,1,1
0,0,0,0,0,0,0,0,0,1
23,0.981332,5.411516,32.478261,32.652174,0.2875,1.037152,0.8,1,1
0,0,0,0,0,0,0,0,0,1
0,0,0,0,0,0,0,0,0,1
137,0.971012,13.20734,33.868613,27.379562,0.297826,2.374817,0.869565,1,1
0,0,0,0,0,0,0,0,0,1
9,0.694588,3.385138,31.666667,31.888889,0.75,0.600731,0.75,1,1
156,0.578653,14.093451,34.333333,32.987179,0.541667,1.439005,0.888889,1,1
0,0,0,0,0,0,0,0,0,1
491,0.929257,25.003212,46.06721,36.366599,0.380031,4.13038,0.894737,1,1
0,0,0,0,0,0,0,0,0,1
470,0.959544,24.462677,38.985106,30.706383,0.354449,2.150911,0.871795,1,1
0,0,0,0,0,0,0,0,0,1
0,0,0,0,0,0,0,0,0,1
0,0,0,0,0,0,0,0,0,1
39,0.985903,7.046726,35.538462,35.051282,0.253247,0.552133,0.785714,1,1
15,0.821501,4.370194,29.6,29.466667,0.625,0.826981,0.666667,1,1
1184,0.876251,38.826738,33.896115,27.170608,0.329255,5.153307,0.935484,0,1
29,0.893812,6.076508,32.586207,31.172414,0.604167,1.023584,0.75,1,1
10,0.791741,3.568248,31.8,32.3,0.833333,0.536007,0.75,1,1
5,0,2.523133,32,30,0.555556,0.509296,1,1,1
10,0.934337,3.568248,32,32.1,0.666667,0.795775,0.6,1,1
34,0.647727,6.579525,31.764706,31.823529,0.809524,0.851258,0.857143,1,1
0,0,0,0,0,0,0,0,0,1
0,0,0,0,0,0,0,0,0,1
192,0.988073,15.63528,43.859375,24.145833,0.207568,3.837676,0.675676,1,1
26,0.544059,5.753627,31,30.5,0.866667,0.750284,0.833333,1,1
0,0,0,0,0,0,0,0,0,1
30,0.916448,6.180387,30.4,32.6,0.555556,0.926827,0.666667,1,1
0,0,0,0,0,0,0,0,0,1
0,0,0,0,0,0,0,0,0,1
0,0,0,0,0,0,0,0,0,1
352,0.980547,21.17027,27.818182,27.286932,0.230065,3.059468,0.755556,1,1
0,0,0,0,0,0,0,0,0,1
1143,0.794549,38.148562,29.334208,27.810149,0.352234,11.622216,0.932203,-4,1
16,0.740971,4.513517,31,33.125,0.64,0.775295,1,1,1
0,0,0,0,0,0,0,0,0,1
10,0.612372,3.568248,31.2,32,0.833333,0.620236,0.75,1,1
21,0.826683,5.170883,31.285714,31.666667,0.75,0.860714,0.571429,1,1
0,0,0,0,0,0,0,0,0,1
78,0.285845,9.965575,31.576923,31.794872,0.78,0.926923,1,1,1
0,0,0,0,0,0,0,0,0,1
26,0.935548,5.753627,34.423077,36.115385,0.481481,1.288861,0.666667,1,1
105,0.661539,11.562446,31.542857,32.285714,0.681818,1.04953,0.785714,1,1
0,0,0,0,0,0,0,0,0,1
0,0,0,0,0,0,0,0,0,1
8,0.57735,3.191538,30,35.5,0.666667,0.583178,0.75,1,1
18,0.976663,4.787307,32.833333,28,0.666667,1.432394,0.333333,1,1
0,0,0,0,0,0,0,0,0,1
0,0,0,0,0,0,0,0,0,1
0,0,0,0,0,0,0,0,0,1
63,0.86672,8.956232,37.460317,34.444444,0.538462,1.302082,0.692308,1,1
5,0,2.523133,32,32,0.555556,0.509296,1,1,1
0,0,0,0,0,0,0,0,0,1
0,0,0,0,0,0,0,0,0,1
0,0,0,0,0,0,0,0,0,1
0,0,0,0,0,0,0,0,0,1
1380,0.877212,41.917426,45.31087,32.750725,0.517629,3.508162,0.693548,1,1
14,0.829925,4.222008,31.785714,31.214286,0.56,0.804858,1,1,1
2,1,1.595769,32,31.5,1,0,0.5,1,1
0,0,0,0,0,0,0,0,0,1
0,0,0,0,0,0,0,0,0,1
0,0,0,0,0,0,0,0,0,1
455,0.809177,24.06915,45.127473,29.351648,0.407706,2.760781,0.861111,1,1
0,0,0,0,0,0,0,0,0,1
0,0,0,0,0,0,0,0,0,1
157,0.997139,14.13855,34.356688,27.394904,0.14221,5.622906,0.521739,1,1
0,0,0,0,0,0,0,0,0,1
986,0.811147,35.431825,22.433063,51.318458,0.457328,3.362832,0.897959,1,1
21,0.845343,5.170883,32.47619,32.380952,0.583333,0.888652,1,1,1
0,0,0,0,0,0,0,0,0,1
6,0.6742,2.763953,31.833333,32.166667,0.666667,0.516863,1,1,1
0,0,0,0,0,0,0,0,0,1
43,0.935276,7.399277,23.348837,35.55814,0.597222,1.380648,0.5,1,1
2,1,1.595769,32,32.5,1,0,0.5,1,1
185,0.857524,15.347616,31.648649,30.237838,0.67029,1.619284,0.521739,1,1
0,0,0,0,0,0,0,0,0,1
250,0.972013,17.841241,36.06,21.5,0.42517,4.451311,0.333333,1,1
6,0.790569,2.763953,29,32.5,1,0.477465,0.666667,1,1
0,0,0,0,0,0,0,0,0,1
17,0.799258,4.652426,31.882353,32,0.68,0.799767,1,1,1
6,0.790569,2.763953,30,33.5,1,0.477465,0.666667,1,1
2,1,1.595769,33,31.5,1,0,0.5,1,1
3,0.816497,1.95441,32.666667,31.333333,0.75,0.309208,1,1,1
0,0,0,0,0,0,0,0,0,1
1454,0.756793,43.026623,48.504814,33.734525,0.488575,2.464336,0.774194,1,1
6,0.925274,2.763953,43.166667,0.333333,0.75,0.331573,0.5,1,1
0,0,0,0,0,0,0,0,0,1
764,0.843684,31.189021,19.41623,24.017016,0.648557,2.124326,0.815789,1,1
0,0,0,0,0,0,0,0,0,1
0,0,0,0,0,0,0,0,0,1
6,0.870388,2.763953,32,31.166667,0.666667,0.510996,1,1,1
0,0,0,0,0,0,0,0,0,1
0,0,0,0,0,0,0,0,0,1
0,0,0,0,0,0,0,0,0,1
1576,0.756917,44.795374,23.32297,22.860406,0.536054,4.167181,0.816667,0,1
6,0.790569,2.763953,52,53.5,1,0.477465,0.666667,1,1
0,0,0,0,0,0,0,0,0,1
0,0,0,0,0,0,0,0,0,1
255,0.956957,18.01877,38.552941,29.635294,0.482955,1.879104,0.484848,1,1
6,0.790569,2.763953,32,31.5,1,0.477465,0.666667,1,1
873,0.521933,33.339738,18.560137,41.87858,0.489076,2.79331,0.686275,1,1
24,0.969574,5.527906,31.833333,30.708333,0.380952,1.565364,0.777778,1,1
0,0,0,0,0,0,0,0,0,1
0,0,0,0,0,0,0,0,0,1
0,0,0,0,0,0,0,0,0,1
0,0,0,0,0,0,0,0,0,1
0,0,0,0,0,0,0,0,0,1
0,0,0,0,0,0,0,0,0,1
0,0,0,0,0,0,0,0,0,1
0,0,0,0,0,0,0,0,0,1
19,0.838699,4.918491,31,32,0.542857,1.004326,0.714286,1,1
426,0.873017,23.289484,29.899061,26.286385,0.230395,4.885294,1,1,1
9,0.694588,3.385138,32.111111,32.333333,0.75,0.600731,0.75,1,1
0,0,0,0,0,0,0,0,0,1
173,0.992034,14.841511,37.907514,30.774566,0.246088,3.647453,0.513514,1,1
0,0,0,0,0,0,0,0,0,1
0,0,0,0,0,0,0,0,0,1
1583,0.434826,44.894746,26.125711,23.003159,0.447175,4.755309,0.983333,1,1
15,0.734389,4.370194,32.733333,34.933333,0.75,0.720878,0.8,1,1
756,0.509153,31.025298,19.152116,34.988095,0.523909,1.741081,0.948718,1,1
5,0.816497,2.523133,31.6,32.2,0.833333,0.431532,0.666667,1,1
1093,0.777155,37.304836,41.111619,19.914913,0.635465,1.910326,0.930233,1,1
24,0.962929,5.527906,34.25,35.083333,0.8,1.078542,0.3,1,1
0,0,0,0,0,0,0,0,0,1
1096,0.902738,37.355997,24.395073,21.971715,0.562917,1.95004,0.559322,1,1
20,0.917268,5.046265,31.5,32.35,0.625,1.081317,0.5,1,1
73,0.513101,9.640876,32.205479,33.616438,0.737374,0.952289,0.818182,1,1
1091,0.786252,37.27069,28.048579,26.608616,0.370584,3.254676,0.71875,1,1
570,0.896932,26.939683,29.877193,26.610526,0.37013,3.601317,0.509091,1,1
3,0.816497,1.95441,31.666667,32.333333,0.75,0.309208,1,1,1
0,0,0,0,0,0,0,0,0,1
0,0,0,0,0,0,0,0,0,1
22,0.827607,5.292567,57.409091,29.590909,0.611111,0.983015,1,1,1
1870,0.809464,48.795061,35.004813,25.865775,0.63519,2.393621,0.71875,0,1
0,0,0,0,0,0,0,0,0,1
0,0,0,0,0,0,0,0,0,1
0,0,0,0,0,0,0,0,0,1
16,0.57735,4.513517,32,32.5,0.8,0.675823,0.8,1,1
262,0.754351,18.264412,27.793893,17.339695,0.311905,5.091128,0.933333,1,1
14,0.58075,4.222008,32.357143,30.428571,0.7,0.718454,0.8,1,1
236,0.811461,17.33449,38.851695,53.508475,0.495798,3.059512,0.607143,1,1
0,0,0,0,0,0,0,0,0,1
0,0,0,0,0,0,0,0,0,1
0,0,0,0,0,0,0,0,0,1
409,0.917415,22.820056,33.134474,16.361858,0.302963,4.163881,0.666667,1,1
0,0,0,0,0,0,0,0,0,1
171,0.839268,14.755472,31.976608,33.216374,0.413043,2.40851,0.782609,1,1
12,0.68313,3.90882,32.5,32,1,0.663146,0.75,1,1
17,0.799258,4.652426,29.882353,33,0.68,0.799767,1,1,1
38,0.511237,6.955796,32.5,33,0.904762,0.80916,0.857143,1,1
0,0,0,0,0,0,0,0,0,1
0,0,0,0,0,0,0,0,0,1
0,0,0,0,0,0,0,0,0,1
11,0.755929,3.74241,31,32,0.733333,0.674635,0.6,1,1
0,0,0,0,0,0,0,0,0,1
16,0.57735,4.513517,32,32.5,0.8,0.675823,0.8,1,1
4,0,2.256758,33.5,29.5,1,0.31831,1,1,1
724,0.706108,30.361578,33.150552,45.678177,0.437198,2.325877,0.782609,1,1
32,0.571559,6.383076,31.96875,31.3125,0.666667,0.927623,0.75,1,1
6,0.790569,2.763953,31.5,32,1,0.477465,0.666667,1,1
125,0.99338,12.615663,29.792,23.256,0.260417,4.559343,0.3,1,1
0,0,0,0,0,0,0,0,0,1
8,0.81241,3.191538,31.25,32.375,0.666667,0.492373,0.75,1,1
0,0,0,0,0,0,0,0,0,1
0,0,0,0,0,0,0,0,0,1
0,0,0,0,0,0,0,0,0,1
51,0.994041,8.058239,27.607843,32.215686,0.463636,2.479596,0.227273,1,1
4,0,2.256758,56.5,54.5,1,0.31831,1,1,1
780,0.658812,31.513915,14.357692,32.264103,0.357143,5.450481,0.696429,1,1
0,0,0,0,0,0,0,0,0,1
0,0,0,0,0,0,0,0,0,1
0,0,0,0,0,0,0,0,0,1
0,0,0,0,0,0,0,0,0,1
0,0,0,0,0,0,0,0,0,1
8,0.612372,3.191538,30.875,33.875,0.888889,0.546802,1,1,1
10,0.790569,3.568248,31,32.5,0.833333,0.620236,0.75,1,1
0,0,0,0,0,0,0,0,0,1
41,0.897772,7.225152,34.926829,33.219512,0.585714,1.186811,0.7,1,1
0,0,0,0,0,0,0,0,0,1
209,0.988981,16.312788,44.090909,37.148325,0.223291,4.171386,0.615385,1,1
0,0,0,0,0,0,0,0,0,1
99,0.736634,11.227231,23.848485,32.727273,0.5625,1.404386,0.6875,1,1
0,0,0,0,0,0,0,0,0,1
691,0.748418,29.661566,33.986975,47.908828,0.361591,5.018508,0.795918,0,1
9,0.694588,3.385138,31.666667,32.111111,0.75,0.600731,0.75,1,1
66,0.968258,9.166996,52.333333,25.393939,0.390533,1.691552,1,1,1
0,0,0,0,0,0,0,0,0,1
2,1,1.595769,32,30.5,1,0,0.5,1,1
1673,0.47421,46.153329,27.075314,26.888225,0.553241,3.445569,0.964286,0,1
0,0,0,0,0,0,0,0,0,1
24,0.923933,5.527906,31.666667,31.291667,0.5,1.162942,0.75,1,1
1927,0.661723,49.533147,35.045148,36.197198,0.683333,2.809322,0.783333,0,1
0,0,0,0,0,0,0,0,0,1
943,0.853996,34.650612,44.027572,30.185578,0.43617,3.134133,0.978723,0,1
23,0.903895,5.411516,31.217391,31.217391,0.410714,1.087372,0.875,1,1
0,0,0,0,0,0,0,0,0,1
1160,0.793668,38.43121,28.843103,26.464655,0.457233,4.18533,0.728814,0,1
0,0,0,0,0,0,0,0,0,1
4,0,2.256758,34.5,62.5,1,0.31831,1,1,1
0,0,0,0,0,0,0,0,0,1
0,0,0,0,0,0,0,0,0,1
10,0.790569,3.568248,32.5,32,0.833333,0.620236,0.75,1,1
0,0,0,0,0,0,0,0,0,1
83,0.950236,10.280023,28.542169,19.771084,0.359307,2.32207,0.52381,1,1
138,0.967505,13.255454,20.971014,30.07971,0.475862,2.848573,0.344828,1,1
43,0.941305,7.399277,35.209302,31.069767,0.438776,1.907701,0.5,1,1
0,0,0,0,0,0,0,0,0,1
0,0,0,0,0,0,0,0,0,1
30,0.942597,6.180387,32.566667,35.033333,0.545455,1.316522,0.454545,1,1
0,0,0,0,0,0,0,0,0,1
0,0,0,0,0,0,0,0,0,1
0,0,0,0,0,0,0,0,0,1
28,0.620174,5.970821,32.5,32.5,0.777778,0.772369,1,1,1
0,0,0,0,0,0,0,0,0,1
4,0.790569,2.256758,31.25,30,0.666667,0.424876,0.666667,1,1
0,0,0,0,0,0,0,0,0,1
22,0.859424,5.292567,32.772727,33,0.611111,0.914396,1,1,1
0,0,0,0,0,0,0,0,0,1
316,0.94247,20.058507,32.129747,19.803797,0.25817,3.646039,0.944444,1,1
49,0.911808,7.898654,30.816327,31.265306,0.510417,1.418717,0.666667,1,1
0,0,0,0,0,0,0,0,0,1
4,0,2.256758,62.5,23.5,1,0.31831,1,1,1
159,0.993081,14.22832,46.176101,35.559748,0.283929,3.625615,0.457143,1,1
0,0,0,0,0,0,0,0,0,1
0,0,0,0,0,0,0,0,0,1
759,0.860729,31.086795,22.58498,23.1278,0.37988,2.729117,0.685185,1,1
16,0.940941,4.513517,32.5,32.8125,0.533333,0.521788,0.833333,1,1
0,0,0,0,0,0,0,0,0,1
2,1,1.595769,31.5,30,1,0,0.5,1,1
10,0.948326,3.568248,33.5,34.7,0.5,0.834861,0.8,1,1
20,0.910338,5.046265,32,32.5,0.714286,0.975369,0.571429,1,1
0,0,0,0,0,0,0,0,0,1
9,0.860663,3.385138,58.888889,33.555556,0.75,0.51358,0.75,1,1
948,0.810111,34.742353,34.116034,28.991561,0.358277,5.88308,0.666667,1,1
59,0.98076,8.667245,32.423729,31.966102,0.315508,2.118018,0.647059,1,1
19,0.893539,4.918491,32.578947,29.842105,0.678571,0.951316,0.571429,1,1
31,0.838036,6.282549,32.193548,31.806452,0.632653,0.900342,1,1,1
843,0.66784,32.761882,43.510083,35.207592,0.344363,2.798079,0.941176,1,1
10,0.616441,3.568248,31.7,32.7,0.625,0.654797,1,1,1
0,0,0,0,0,0,0,0,0,1
24,0.584987,5.527906,31.333333,31.875,0.8,0.753125,0.833333,1,1
163,0.953448,14.406181,34.447853,35.680982,0.308712,2.609685,0.484848,1,1
282,0.931984,18.948708,33.453901,33.808511,0.391667,2.551227,0.8,0,1
0,0,0,0,0,0,0,0,0,1
0,0,0,0,0,0,0,0,0,1
0,0,0,0,0,0,0,0,0,1
38,0.808493,6.955796,31.342105,30.184211,0.678571,1.004326,0.875,1,1
0,0,0,0,0,0,0,0,0,1
0,0,0,0,0,0,0,0,0,1
763,0.554081,31.168602,40.923984,43.737877,0.514845,2.797671,0.974359,1,1
0,0,0,0,0,0,0,0,0,1
295,0.993374,19.380549,23.501695,33.627119,0.246656,4.264969,0.442308,1,1
0,0,0,0,0,0,0,0,0,1
0,0,0,0,0,0,0,0,0,1
177,0.886014,15.012108,38.316384,37.016949,0.468254,2.085802,0.857143,1,1
678,0.502279,29.381225,29.632743,28.275811,0.26107,4.570978,0.924528,1,1
0,0,0,0,0,0,0,0,0,1
0,0,0,0,0,0,0,0,0,1
0,0,0,0,0,0,0,0,0,1
18,0.77169,4.787307,32.111111,32.111111,0.72,0.755335,1,1,1
23,0.850583,5.411516,31.869565,31.565217,0.821429,0.9128,0.571429,1,1
0,0,0,0,0,0,0,0,0,1
17,0.707107,4.652426,32,32,0.68,0.729689,1,1,1
0,0,0,0,0,0,0,0,0,1
0,0,0,0,0,0,0,0,0,1
0,0,0,0,0,0,0,0,0,1
54,0.980956,8.29186,32.444444,33.833333,0.6,2.047885,0.277778,1,1
0,0,0,0,0,0,0,0,0,1
6,0.790569,2.763953,31.5,33,1,0.477465,0.666667,1,1
0,0,0,0,0,0,0,0,0,1
748,0.818307,30.860706,22.628342,37.775401,0.55,2.249051,0.85,1,1
0,0,0,0,0,0,0,0,0,1
4,0,2.256758,23.5,28.5,1,0.31831,1,1,1
0,0,0,0,0,0,0,0,0,1
10,0.892357,3.568248,32.3,30.9,0.666667,0.649677,0.6,1,1
0,0,0,0,0,0,0,0,0,1
0,0,0,0,0,0,0,0,0,1
0,0,0,0,0,0,0,0,0,1
0,0,0,0,0,0,0,0,0,1
0,0,0,0,0,0,0,0,0,1
0,0,0,0,0,0,0,0,0,1
6,0.790569,2.763953,32,32.5,1,0.477465,0.666667,1,1
0,0,0,0,0,0,0,0,0,1
0,0,0,0,0,0,0,0,0,1
0,0,0,0,0,0,0,0,0,1
0,0,0,0,0,0,0,0,0,1
32,0.74272,6.383076,31.625,31.75,0.666667,0.927623,0.75,1,1
159,0.998244,14.22832,26.654088,36.264151,0.099499,4.177523,0.723404,1,1
0,0,0,0,0,0,0,0,0,1
0,0,0,0,0,0,0,0,0,1
0,0,0,0,0,0,0,0,0,1
171,0.951846,14.755472,42.210526,36.654971,0.375,2.369447,0.791667,1,1
0,0,0,0,0,0,0,0,0,1
673,0.810238,29.272687,21.650817,26.893016,0.333829,5.488101,0.642857,1,1
0,0,0,0,0,0,0,0,0,1
14,0.67082,4.222008,31.5,32.5,0.875,0.666489,1,1,1
16,0.740971,4.513517,31,32.125,0.64,0.775295,1,1,1
113,0.983436,11.994835,26.035398,30.39823,0.278325,3.243905,0.482759,1,1
0,0,0,0,0,0,0,0,0,1
35,0.42132,6.675581,31.028571,32.171429,0.714286,0.848112,1,1,1
45,0.91895,7.569398,52.2,46.177778,0.5,1.208536,0.9,1,1
9,0.694588,3.385138,31.666667,32.111111,0.75,0.600731,0.75,1,1
44,0.911877,7.484821,28.931818,27.772727,0.488889,1.259054,0.9,1,1
0,0,0,0,0,0,0,0,0,1
0,0,0,0,0,0,0,0,0,1
0,0,0,0,0,0,0,0,0,1
0,0,0,0,0,0,0,0,0,1
1363,0.813742,41.658439,28.246515,31.693324,0.441529,3.966576,0.777778,1,1
314,0.846794,19.99493,27.624204,38.719745,0.419786,2.346307,0.647059,1,1
67,0.666538,9.236182,53.641791,26.208955,0.609091,1.48116,0.909091,1,1
440,0.961112,23.669081,26.434091,39.134091,0.349206,2.146932,0.972222,1,1
42,0.959855,7.312733,29.642857,29.404762,0.388889,1.403137,0.75,1,1
4,0,2.256758,32.5,32.5,1,0.31831,1,1,1
0,0,0,0,0,0,0,0,0,1
502,0.917097,25.281738,33.093625,22.207171,0.368305,3.048482,0.617021,1,1
41,0.950158,7.225152,30.853659,32.829268,0.341667,1.131248,0.833333,1,1
0,0,0,0,0,0,0,0,0,1
105,0.843728,11.562446,32.171429,31.92381,0.729167,1.150997,0.5625,1,1
322,0.663785,20.24804,24.285714,37.406832,0.482759,3.586196,0.793103,0,1
0,0,0,0,0,0,0,0,0,1
0,0,0,0,0,0,0,0,0,1
0,0,0,0,0,0,0,0,0,1
35,0.766489,6.675581,32.171429,31.914286,0.648148,0.993102,0.666667,1,1
2,1,1.595769,32.5,32,1,0,0.5,1,1
90,0.977456,10.704745,31.411111,32.466667,0.681818,1.979345,0.272727,1,1
113,0.952177,11.994835,34.761062,30.300885,0.45749,1.602215,0.684211,1,1
0,0,0,0,0,0,0,0,0,1
706,0.770144,29.98178,29.195467,12.871105,0.377137,3.467846,0.692308,1,1
10,0.791741,3.568248,31.7,31.2,0.833333,0.536007,0.75,1,1
0,0,0,0,0,0,0,0,0,1
0,0,0,0,0,0,0,0,0,1
19,0.758469,4.918491,32.473684,31.157895,0.791667,0.781156,0.666667,1,1
0,0,0,0,0,0,0,0,0,1
164,0.759642,14.450304,46.347561,27.77439,0.331984,2.540314,0.730769,1,1
0,0,0,0,0,0,0,0,0,1
0,0,0,0,0,0,0,0,0,1
87,0.81521,10.52482,37.275862,31.988506,0.74359,1.266674,0.692308,1,1
81,0.95354,10.155413,34.061728,32.049383,0.609023,1.646248,0.368421,1,1
96,0.852649,11.055813,30.979167,29.635417,0.75,1.130826,0.5,1,1
40,0.947055,7.136496,35.1,30.55,0.555556,1.421217,0.5,1,1
27,0.97982,5.86323,34.740741,31.074074,0.45,1.568779,0.416667,1,1
131,0.974686,12.91489,33.450382,27.030534,0.346561,2.567488,0.518519,1,1
0,0,0,0,0,0,0,0,0,1
11,0.708444,3.74241,32.090909,32.636364,0.916667,0.641159,0.75,1,1
0,0,0,0,0,0,0,0,0,1
0,0,0,0,0,0,0,0,0,1
0,0,0,0,0,0,0,0,0,1
0,0,0,0,0,0,0,0,0,1
0,0,0,0,0,0,0,0,0,1
501,0.857671,25.256544,31.976048,23.371257,0.310794,2.914916,0.596154,1,1
2008,0.465342,50.563475,26.734562,32.509462,0.522917,3.855455,0.9375,1,1
4,0,2.256758,31.5,32.5,1,0.31831,1,1,1
38,0.96616,6.955796,28.763158,30.657895,0.351852,1.795124,0.75,1,1
19,0.931901,4.918491,33.578947,30.315789,0.452381,1.104968,0.857143,1,1
0,0,0,0,0,0,0,0,0,1
30,0.989321,6.180387,35.566667,32.433333,0.288462,1.914296,0.615385,1,1
0,0,0,0,0,0,0,0,0,1
100,0.705521,11.283792,32.45,32.68,0.649351,1.033711,0.785714,1,1
19,0.959625,4.918491,29.368421,33,0.395833,0.513352,0.75,1,1
125,0.98521,12.615663,29.056,38.064,0.308642,2.719207,0.555556,1,1
0,0,0,0,0,0,0,0,0,1
0,0,0,0,0,0,0,0,0,1
17,0.625943,4.652426,32.411765,31.882353,0.85,0.701603,0.8,1,1
0,0,0,0,0,0,0,0,0,1
51,0.857528,8.058239,31.607843,30.764706,0.566667,1.26924,0.9,1,1
0,0,0,0,0,0,0,0,0,1
0,0,0,0,0,0,0,0,0,1
0,0,0,0,0,0,0,0,0,1
627,0.595733,28.254578,25.950558,34.827751,0.387037,2.771815,0.8,1,1
0,0,0,0,0,0,0,0,0,1
1819,0.668575,48.125074,35.582738,30.88895,0.496995,4.459147,0.983607,1,1
2,1,1.595769,30.5,33,1,0,0.5,1,1
0,0,0,0,0,0,0,0,0,1
274,0.889198,18.677999,25.160584,30.959854,0.458194,1.691934,0.884615,1,1
0,0,0,0,0,0,0,0,0,1
0,0,0,0,0,0,0,0,0,1
19,0.958841,4.918491,33.315789,31.368421,0.59375,1.076969,0.5,1,1
433,0.973862,23.480049,32.039261,26.371824,0.520433,2.556423,0.307692,1,1
0,0,0,0,0,0,0,0,0,1
0,0,0,0,0,0,0,0,0,1
0,0,0,0,0,0,0,0,0,1
11,0.747471,3.74241,34.818182,33.454545,0.6875,0.674635,1,1,1
0,0,0,0,0,0,0,0,0,1
0,0,0,0,0,0,0,0,0,1
3,0.816497,1.95441,31.666667,31.333333,0.75,0.309208,1,1,1
9,0.694588,3.385138,31.666667,30.111111,0.75,0.600731,0.75,1,1
0,0,0,0,0,0,0,0,0,1
232,0.983096,17.186959,37.12931,30.094828,0.360248,3.327351,0.304348,1,1
0,0,0,0,0,0,0,0,0,1
0,0,0,0,0,0,0,0,0,1
29,0.957402,6.076508,34.551724,32.655172,0.483333,1.417463,0.6,1,1
68,0.958705,9.304853,37.676471,36.294118,0.325359,2.570823,0.578947,1,1
7,0.832993,2.985411,31.714286,32.571429,0.583333,0.666489,0.75,1,1
0,0,0,0,0,0,0,0,0,1
0,0,0,0,0,0,0,0,0,1
28,0.658203,5.970821,33.25,31.464286,0.666667,0.971145,0.857143,1,1
0,0,0,0,0,0,0,0,0,1
29,0.971608,6.076508,29.068966,34.310345,0.3625,1.132324,0.8,1,1
8,0.57735,3.191538,31.5,32,0.666667,0.583178,0.75,1,1
0,0,0,0,0,0,0,0,0,1
0,0,0,0,0,0,0,0,0,1
2,1,1.595769,32,31.5,1,0,0.5,1,1
0,0,0,0,0,0,0,0,0,1
575,0.231299,27.057582,25.384348,41.765217,0.431682,2.282823,0.972973,1,1
0,0,0,0,0,0,0,0,0,1
2210,0.42858,53.045824,28.442081,30.275113,0.556956,4.026477,0.96875,-1,1
0,0,0,0,0,0,0,0,0,1
152,0.709522,13.911593,32.993421,33.256579,0.649573,1.928867,0.722222,1,1
123,0.619226,12.51433,26.528455,32.081301,0.798701,0.953242,0.785714,1,1
9,0.694588,3.385138,32.111111,31.666667,0.75,0.600731,0.75,1,1
579,0.81576,27.151532,21.675302,23.656304,0.453762,4.970267,0.659091,0,1
0,0,0,0,0,0,0,0,0,1
0,0,0,0,0,0,0,0,0,1
0,0,0,0,0,0,0,0,0,1
6,0.790569,2.763953,32,31.5,1,0.477465,0.666667,1,1
37,0.769022,6.863663,31.702703,32.540541,0.770833,0.902552,0.75,1,1
0,0,0,0,0,0,0,0,0,1
0,0,0,0,0,0,0,0,0,1
1154,0.817466,38.33169,29.461005,40.246967,0.469678,4.669024,0.619048,0,1
19,0.987649,4.918491,35.736842,34.578947,0.316667,1.545114,0.6,1,1
0,0,0,0,0,0,0,0,0,1
0,0,0,0,0,0,0,0,0,1
0,0,0,0,0,0,0,0,0,1
0,0,0,0,0,0,0,0,0,1
0,0,0,0,0,0,0,0,0,1
634,0.910069,28.411861,32.876972,28.197161,0.192471,6.315285,0.885246,1,1
0,0,0,0,0,0,0,0,0,1
0,0,0,0,0,0,0,0,0,1
241,0.560128,17.517155,39.253112,37.697095,0.297531,3.431815,0.9,1,1
0,0,0,0,0,0,0,0,0,1
0,0,0,0,0,0,0,0,0,1
1169,0.892683,38.580008,37.043627,30.180496,0.314925,5.089094,0.90625,1,1
1810,0.831791,48.00587,33.172376,33.466851,0.502778,1.602131,1,1,1
161,0.906363,14.317527,40.118012,27.639752,0.522727,1.771673,0.636364,1,1
32,0.645087,6.383076,32.46875,33.84375,0.571429,1.129687,0.875,1,1
12,0,3.90882,31.5,32.5,0.75,0.618415,1,1,1
0,0,0,0,0,0,0,0,0,1
0,0,0,0,0,0,0,0,0,1
0,0,0,0,0,0,0,0,0,1
0,0,0,0,0,0,0,0,0,1
0,0,0,0,0,0,0,0,0,1
0,0,0,0,0,0,0,0,0,1
0,0,0,0,0,0,0,0,0,1
24,0.869279,5.527906,28.958333,32.208333,0.685714,0.966274,0.714286,1,1
1,0,1.128379,33,33,1,0,1,1,1
520,0.718526,25.731004,32.119231,43.403846,0.527383,2.219597,0.852941,1,1
83,0.799594,10.280023,32.313253,32.481928,0.798077,0.990516,0.615385,1,1
800,0.949867,31.915382,34.2125,39.50125,0.285714,3.727558,0.892857,1,1
4,0,2.256758,31.5,32.5,1,0.31831,1,1,1
132,0.970081,12.96409,23.166667,9.674242,0.382609,2.065035,0.652174,1,1
0,0,0,0,0,0,0,0,0,1
0,0,0,0,0,0,0,0,0,1
0,0,0,0,0,0,0,0,0,1
0,0,0,0,0,0,0,0,0,1
91,0.890484,10.764051,31.901099,32.142857,0.459596,1.693458,0.611111,1,1
0,0,0,0,0,0,0,0,0,1
69,0.96918,9.373021,28.405797,37.26087,0.383333,1.742494,0.8,1,1
220,0.961801,16.736568,35.063636,28.177273,0.30303,2.519674,0.666667,1,1
0,0,0,0,0,0,0,0,0,1
41,0.792572,7.225152,32.97561,31.658537,0.650794,1.002595,0.777778,1,1
0,0,0,0,0,0,0,0,0,1
0,0,0,0,0,0,0,0,0,1
0,0,0,0,0,0,0,0,0,1
0,0,0,0,0,0,0,0,0,1
0,0,0,0,0,0,0,0,0,1
8,0.81241,3.191538,31.75,32.375,0.666667,0.492373,0.75,1,1
4,0,2.256758,31.5,32.5,1,0.31831,1,1,1
0,0,0,0,0,0,0,0,0,1
27,0.848125,5.86323,31.740741,33.222222,0.675,0.944296,0.625,1,1
262,0.8357,18.264412,35.664122,41.438931,0.27521,4.369877,0.823529,1,1
731,0.959701,30.508001,32.23803,21.164159,0.387387,2.366438,0.72549,1,1
0,0,0,0,0,0,0,0,0,1
204,0.892435,16.116478,19.686275,24.441176,0.289773,3.305111,0.6875,1,1
0,0,0,0,0,0,0,0,0,1
19,0.964601,4.918491,31.210526,34.631579,0.527778,0.777096,0.444444,1,1
40,0.990115,7.136496,34.475,35.575,0.213904,1.058926,0.647059,1,1
438,0.975486,23.615226,34.155251,38.776256,0.460084,2.945154,0.303571,1,1
2,1,1.595769,32.5,34,1,0,0.5,1,1
0,0,0,0,0,0,0,0,0,1
1218,0.790714,39.380271,20.293103,31.213465,0.402645,5.964182,1,-1,1
0,0,0,0,0,0,0,0,0,1
499,0.967058,25.206081,39.420842,29.641283,0.296847,2.416427,1,1,1
0,0,0,0,0,0,0,0,0,1
0,0,0,0,0,0,0,0,0,1
0,0,0,0,0,0,0,0,0,1
0,0,0,0,0,0,0,0,0,1
50,0.812936,7.978846,29.2,29.36,0.694444,0.973185,0.888889,1,1
27,0.828783,5.86323,34.740741,33.62963,0.642857,1.007114,0.857143,1,1
0,0,0,0,0,0,0,0,0,1
497,0.915782,25.155517,23.028169,41.818913,0.248749,4.565101,0.685185,1,1
72,0.988926,9.574615,31.375,26.819444,0.3,2.521443,0.416667,1,1
0,0,0,0,0,0,0,0,0,1
32,0.849215,6.383076,36.625,36.125,0.444444,0.984746,0.888889,1,1
1108,0.88641,37.559944,19.91426,29.329422,0.428627,2.904214,0.854545,1,1
27,0.947843,5.86323,32.518519,31.481481,0.5,1.338889,0.666667,1,1
668,0.695967,29.163745,21.89521,35.800898,0.335847,5.521002,0.764706,-1,1
133,0.726276,13.013103,30.556391,31.593985,0.519531,1.633391,1,1,1
0,0,0,0,0,0,0,0,0,1
0,0,0,0,0,0,0,0,0,1
0,0,0,0,0,0,0,0,0,1
10,0.912871,3.568248,31.5,32.5,0.625,0.371049,1,1,1
0,0,0,0,0,0,0,0,0,1
0,0,0,0,0,0,0,0,0,1
27,0.982869,5.86323,31.555556,32.444444,0.5625,1.278614,0.333333,1,1
0,0,0,0,0,0,0,0,0,1
0,0,0,0,0,0,0,0,0,1
3,0.816497,1.95441,31.666667,32.333333,0.75,0.309208,1,1,1
5,0.816497,2.523133,31.4,32.8,0.833333,0.431532,0.666667,1,1
0,0,0,0,0,0,0,0,0,1
39,0.910205,7.046726,32,29.102564,0.709091,1.223308,0.454545,1,1
0,0,0,0,0,0,0,0,0,1
1,0,1.128379,32,32,1,0,1,1,1
3,0.816497,1.95441,32.666667,30.666667,0.75,0.309208,1,1,1
164,0.990483,14.450304,34.25,47.170732,0.390476,3.312796,0.342857,1,1
5,0,2.523133,32,33,0.555556,0.509296,1,1,1
154,0.943352,14.002817,36.25974,29.707792,0.377451,2.151549,0.708333,1,1
0,0,0,0,0,0,0,0,0,1
0,0,0,0,0,0,0,0,0,1
0,0,0,0,0,0,0,0,0,1
0,0,0,0,0,0,0,0,0,1
699,0.583432,29.832775,30.502146,19.306152,0.275414,5.546048,0.87037,1,1
0,0,0,0,0,0,0,0,0,1
0,0,0,0,0,0,0,0,0,1
0,0,0,0,0,0,0,0,0,1
0,0,0,0,0,0,0,0,0,1
221,0.992775,16.774562,30.674208,26.343891,0.481481,3.907933,0.176471,1,1
57,0.979195,8.519076,34.526316,37.140351,0.35625,2.083083,0.625,1,1
67,0.924838,9.236182,57.298507,57.283582,0.492647,1.9105,0.470588,1,1
4,0,2.256758,31.5,31.5,1,0.31831,1,1,1
0,0,0,0,0,0,0,0,0,1
1020,0.843152,36.037541,33.211765,28.504902,0.398126,6.321737,0.688525,1,1
244,0.99132,17.625846,22.102459,18.147541,0.164865,4.508454,0.925,1,1
0,0,0,0,0,0,0,0,0,1
0,0,0,0,0,0,0,0,0,1
0,0,0,0,0,0,0,0,0,1
50,0.917297,7.978846,31.42,31.94,0.568182,1.208547,0.727273,1,1
39,0.953594,7.046726,33.923077,32.923077,0.541667,1.390677,0.5,1,1
0,0,0,0,0,0,0,0,0,1
64,0.983905,9.027033,34.328125,27.1875,0.336842,2.366623,0.526316,1,1
0,0,0,0,0,0,0,0,0,1
40,0.961023,7.136496,29.675,33.275,0.4,1.473294,1,1,1
0,0,0,0,0,0,0,0,0,1
0,0,0,0,0,0,0,0,0,1
0,0,0,0,0,0,0,0,0,1
4,0,2.256758,32.5,31.5,1,0.31831,1,1,1
0,0,0,0,0,0,0,0,0,1
0,0,0,0,0,0,0,0,0,1
656,0.869023,28.900608,27.839939,20.446646,0.423226,2.296936,0.62,1,1
64,0.99136,9.027033,41.8125,31.0625,0.533333,2.799484,0.208333,1,1
16,0.869626,4.513517,31.5,31.875,0.888889,0.818497,0.5,1,1
45,0.987662,7.569398,34.355556,27.022222,0.441176,1.730057,0.352941,1,1
133,0.869546,13.013103,34.240602,30.691729,0.633333,1.191632,0.933333,1,1
403,0.980353,22.652054,28.146402,27.057072,0.239738,3.648183,1,1,1
53,0.941278,8.214724,30.924528,32.849057,0.407692,1.80034,0.769231,1,1
0,0,0,0,0,0,0,0,0,1
1090,0.963127,37.253605,24.021101,29.242202,0.324888,4.243064,0.901639,-2,1
11,0.86199,3.74241,31.636364,30.454545,0.6875,0.590616,1,1,1
0,0,0,0,0,0,0,0,0,1
6,0.790569,2.763953,31.5,33,1,0.477465,0.666667,1,1
0,0,0,0,0,0,0,0,0,1
160,0.672707,14.272993,30.43125,31.0375,0.347826,2.461865,0.869565,1,1
0,0,0,0,0,0,0,0,0,1
0,0,0,0,0,0,0,0,0,1
411,0.966807,22.875783,35.206813,37.693431,0.3425,2.668469,0.520833,1,1
13,0.862339,4.068429,32.538462,33.769231,0.65,0.831782,0.8,1,1
0,0,0,0,0,0,0,0,0,1
0,0,0,0,0,0,0,0,0,1
35,0.950539,6.675581,30.971429,32.2,0.353535,0.973517,0.818182,1,1
335,0.978831,20.65273,41.089552,32.226866,0.455163,2.785326,0.347826,1,1
0,0,0,0,0,0,0,0,0,1
206,0.989618,16.195288,30.42233,30.703883,0.337152,4.04429,0.276596,1,1
10,0.612372,3.568248,32,31.8,0.833333,0.620236,0.75,1,1
1130,0.752698,37.930999,34.761947,21.89646,0.541188,1.678122,0.62069,1,1
0,0,0,0,0,0,0,0,0,1
0,0,0,0,0,0,0,0,0,1
5,0,2.523133,30,32,0.555556,0.509296,1,1,1
283,0.972718,18.982276,18.261484,31.90106,0.310307,5.120264,0.395833,1,1
1133,0.72352,37.981317,30.676081,48.740512,0.361288,4.820016,0.765625,1,1
0,0,0,0,0,0,0,0,0,1
0,0,0,0,0,0,0,0,0,1
685,0.663941,29.532509,49.89781,20.962044,0.548878,3.878175,0.820513,0,1
67,0.87143,9.236182,33.731343,34.044776,0.558333,1.291124,0.833333,1,1
0,0,0,0,0,0,0,0,0,1
4,0.912871,2.256758,32.25,32.75,0.666667,0.204624,0.666667,1,1
11,0.755929,3.74241,31,32,0.733333,0.674635,0.6,1,1
16,0.57735,4.513517,32,31.5,0.8,0.675823,0.8,1,1
0,0,0,0,0,0,0,0,0,1
0,0,0,0,0,0,0,0,0,1
16,0.648702,4.513517,31.3125,32.8125,0.8,0.745453,0.8,1,1
0,0,0,0,0,0,0,0,0,1
16,0.786161,4.513517,31.375,31.8125,0.8,0.745453,0.8,1,1
100,0.966448,11.283792,34.15,32.94,0.324675,3.569094,0.392857,1,1
68,0.926881,9.304853,33.455882,32.970588,0.475524,1.356132,0.846154,1,1
0,0,0,0,0,0,0,0,0,1
415,0.914698,22.986831,22.048193,33.214458,0.51875,1.535902,0.78125,1,1
27,0.971708,5.86323,28.851852,29.62963,0.385714,1.440358,0.7,1,1
0,0,0,0,0,0,0,0,0,1
0,0,0,0,0,0,0,0,0,1
4,0,2.256758,32.5,32.5,1,0.31831,1,1,1
90,0.996646,10.704745,29.366667,38.6,0.272727,3.872314,0.30303,1,1
0,0,0,0,0,0,0,0,0,1
0,0,0,0,0,0,0,0,0,1
248,0.974375,17.769733,30.71371,46.504032,0.421769,3.631595,0.333333,1,1
0,0,0,0,0,0,0,0,0,1
0,0,0,0,0,0,0,0,0,1
0,0,0,0,0,0,0,0,0,1
31,0.758097,6.282549,32,31.612903,0.775,0.877164,0.625,1,1
0,0,0,0,0,0,0,0,0,1
0,0,0,0,0,0,0,0,0,1
11,0.929344,3.74241,31,32.181818,0.55,0.728582,0.8,1,1
981,0.875421,35.341873,21.937819,33.389399,0.313719,4.761366,0.898305,1,1
25,0.983796,5.641896,35.92,30.48,0.378788,1.255977,0.545455,1,1
341,0.98946,20.836859,35.777126,41.061584,0.180233,4.259094,0.977273,1,1
14,0.629289,4.222008,32.642857,31.785714,0.7,0.696692,0.8,1,1
2,1,1.595769,30,31.5,1,0,0.5,1,1
67,0.912627,9.236182,31.38806,36.716418,0.744444,1.288343,0.4,1,1
230,0.985032,17.112717,36.891304,23.934783,0.163352,4.55271,0.727273,1,1
894,0.85216,33.738348,20.541387,19.233781,0.447447,3.812615,0.685185,0,1
0,0,0,0,0,0,0,0,0,1
84,0.976857,10.341766,45.845238,29.928571,0.270968,3.973479,0.322581,1,1
17,0.297044,4.652426,32.352941,32,0.68,0.729689,1,1,1
6,0.6742,2.763953,32.166667,31.833333,0.666667,0.516863,1,1,1
0,0,0,0,0,0,0,0,0,1
1202,0.532855,39.120761,16.221298,40.618136,0.608916,1.687202,0.893617,1,1
1,0,1.128379,33,31,1,0,1,1,1
1531,0.628906,44.151215,38.280862,40.690398,0.427176,5.031744,0.875,1,1
0,0,0,0,0,0,0,0,0,1
0,0,0,0,0,0,0,0,0,1
472,0.961384,24.51467,35.599576,22.887712,0.35119,2.27352,0.761905,1,1
461,0.848914,24.227328,42.232104,25.390456,0.269591,5.221649,0.844444,1,1
0,0,0,0,0,0,0,0,0,1
170,0.995025,14.712264,38.164706,24.5,0.147569,3.940193,0.888889,1,1
21,0.958415,5.170883,32.285714,32.857143,0.777778,1.020965,0.333333,1,1
0,0,0,0,0,0,0,0,0,1
1054,0.73831,36.633243,27.959203,24,0.406009,3.742846,0.745763,1,1
63,0.759878,8.956232,30.761905,33.238095,0.7,1.000377,0.9,1,1
0,0,0,0,0,0,0,0,0,1
10,0.612372,3.568248,31.8,32,0.833333,0.620236,0.75,1,1
0,0,0,0,0,0,0,0,0,1
58,0.974384,8.59348,31.603448,31.293103,0.487395,1.871712,0.411765,1,1
2,1,1.595769,31.5,31,1,0,0.5,1,1
0,0,0,0,0,0,0,0,0,1
250,0.98695,17.841241,30.644,44.388,0.581395,3.201222,0.232558,1,1
0,0,0,0,0,0,0,0,0,1
0,0,0,0,0,0,0,0,0,1
5,0.816497,2.523133,32.2,31.4,0.833333,0.431532,0.666667,1,1
0,0,0,0,0,0,0,0,0,1
15,0.71318,4.370194,32.666667,31.466667,0.75,0.720878,0.8,1,1
27,0.956223,5.86323,35.814815,29.148148,0.428571,0.944296,0.777778,1,1
0,0,0,0,0,0,0,0,0,1
810,0.673568,32.114234,40.704938,34.044444,0.330612,6.223703,0.98,1,1
274,0.959715,18.677999,33.120438,40.065693,0.254174,5.38959,0.44898,1,1
0,0,0,0,0,0,0,0,0,1
108,0.825777,11.72646,29.462963,27.861111,0.423529,2.032966,0.882353,1,1
129,0.952368,12.815924,28.372093,40.333333,0.287946,3.356471,0.571429,1,1
23,0.968186,5.411516,33.173913,31.173913,0.365079,0.811378,0.777778,1,1
0,0,0,0,0,0,0,0,0,1
0,0,0,0,0,0,0,0,0,1
996,0.928335,35.611046,30.875502,23.168675,0.573733,3.077694,0.451613,0,1
58,0.979234,8.59348,25.448276,32.172414,0.763158,1.967045,0.210526,1,1
0,0,0,0,0,0,0,0,0,1
0,0,0,0,0,0,0,0,0,1
1063,0.641608,36.789314,32.61524,21.637817,0.474554,4.572279,0.714286,0,1
1010,0.664045,35.860451,49.572277,35.892079,0.50149,4.062092,0.716981,1,1
0,0,0,0,0,0,0,0,0,1
0,0,0,0,0,0,0,0,0,1
913,0.746052,34.094981,28.316539,23.46988,0.390171,4.104106,0.65,0,1
162,0.937934,14.361922,47.697531,46.722222,0.251553,4.240488,0.821429,1,1
0,0,0,0,0,0,0,0,0,1
0,0,0,0,0,0,0,0,0,1
63,0.817206,8.956232,32.079365,32.571429,0.636364,1.060141,0.818182,1,1
0,0,0,0,0,0,0,0,0,1
0,0,0,0,0,0,0,0,0,1
740,0.767177,30.695232,19.795946,41.67027,0.343228,5.569669,0.897959,0,1
0,0,0,0,0,0,0,0,0,1
319,0.979159,20.153496,33.69279,36.570533,0.332292,3.168711,0.416667,1,1
649,0.794039,28.745999,38.608629,14.892142,0.533717,2.209097,0.842105,1,1
0,0,0,0,0,0,0,0,0,1
38,0.928079,6.955796,31.684211,35.447368,0.690909,1.2555,0.454545,1,1
0,0,0,0,0,0,0,0,0,1
0,0,0,0,0,0,0,0,0,1
1298,0.450103,40.652982,38.892142,29.255008,0.445742,4.803114,0.928571,1,1
0,0,0,0,0,0,0,0,0,1
0,0,0,0,0,0,0,0,0,1
1055,0.923898,36.650617,23.994313,29.409479,0.450855,1.988548,0.865385,1,1
27,0.973926,5.86323,31.074074,29.555556,0.490909,1.56395,0.454545,1,1
0,0,0,0,0,0,0,0,0,1
978,0.867808,35.287792,22.121677,33.206544,0.372713,6.415444,0.640625,1,1
0,0,0,0,0,0,0,0,0,1
86,0.985862,10.464158,59.151163,30.011628,0.491429,2.609689,0.28,1,1
0,0,0,0,0,0,0,0,0,1
0,0,0,0,0,0,0,0,0,1
0,0,0,0,0,0,0,0,0,1
24,0.976675,5.527906,29.5,31.083333,0.4,1.501231,0.6,1,1
372,0.938865,21.763389,28.782258,47.05914,0.353276,2.965488,0.692308,1,1
121,0.90863,12.412171,31.966942,33.950413,0.530702,1.44476,0.631579,1,1
220,0.876496,16.736568,36.159091,27.531818,0.399274,2.879288,0.655172,1,1
2144,0.476688,52.247733,39.605877,26.430504,0.558333,2.835036,0.9375,1,1
0,0,0,0,0,0,0,0,0,1
0,0,0,0,0,0,0,0,0,1
543,0.865172,26.293898,31.593002,42.600368,0.291622,3.01947,0.77551,1,1
0,0,0,0,0,0,0,0,0,1
131,0.894673,12.91489,30.076336,32.709924,0.389881,2.424633,0.428571,1,1
22,0.893401,5.292567,32.681818,30.227273,0.52381,1.012165,0.857143,1,1
62,0.859885,8.884866,53.177419,10.290323,0.645833,1.179442,0.666667,1,1
673,0.766874,29.272687,36.338782,37.084695,0.534976,1.590603,0.918919,1,1
4,0,2.256758,31.5,31.5,1,0.31831,1,1,1
0,0,0,0,0,0,0,0,0,1
0,0,0,0,0,0,0,0,0,1
6,0.790569,2.763953,31,32.5,1,0.477465,0.666667,1,1
6,0.790569,2.763953,31.5,32,1,0.477465,0.666667,1,1
0,0,0,0,0,0,0,0,0,1
14,0.629289,4.222008,31.785714,32.357143,0.7,0.696692,0.8,1,1
33,0.938208,6.482045,32.757576,31.30303,0.66,1.283546,0.5,1,1
1321,0.64908,41.011577,21.133232,40.520061,0.453018,4.060425,1,0,1
4,0,2.256758,49.5,10.5,1,0.31831,1,1,1
389,0.839854,22.255116,38.313625,32.077121,0.505195,1.997343,0.628571,1,1
0,0,0,0,0,0,0,0,0,1
0,0,0,0,0,0,0,0,0,1
252,0.837835,17.912464,18.527778,31.575397,0.362069,2.949171,0.827586,1,1
0,0,0,0,0,0,0,0,0,1
0,0,0,0,0,0,0,0,0,1
6,0.790569,2.763953,33,31.5,1,0.477465,0.666667,1,1
0,0,0,0,0,0,0,0,0,1
0,0,0,0,0,0,0,0,0,1
0,0,0,0,0,0,0,0,0,1
0,0,0,0,0,0,0,0,0,1
0,0,0,0,0,0,0,0,0,1
153,0.836882,13.957279,33.869281,33.732026,0.485714,2.579703,0.714286,1,1
6,0.6742,2.763953,31.833333,31.833333,0.666667,0.516863,1,1,1
990,0.809337,35.503622,20.160606,40.957576,0.515625,3.067106,0.833333,1,1
28,0.692923,5.970821,31.714286,31.892857,0.777778,0.828235,1,1,1
0,0,0,0,0,0,0,0,0,1
0,0,0,0,0,0,0,0,0,1
32,0.562657,6.383076,31.375,31.5,0.761905,0.849752,0.857143,1,1
27,0.9118,5.86323,31.851852,31.703704,0.5625,1.099405,0.75,1,1
1416,0.849862,42.460655,35.75,27.488701,0.393771,6.160105,0.935484,0,1
0,0,0,0,0,0,0,0,0,1
0,0,0,0,0,0,0,0,0,1
8,0.81241,3.191538,33.375,31.75,0.666667,0.492373,0.75,1,1
8,0.612372,3.191538,53.125,36.125,0.888889,0.546802,1,1,1
22,0.428259,5.292567,32.909091,31.909091,0.88,0.733751,1,1,1
15,0.90834,4.370194,30.2,32.2,0.833333,0.790541,0.5,1,1
87,0.964024,10.52482,34.333333,31.034483,0.508772,1.754685,0.473684,1,1
695,0.808042,29.747294,26.410072,23.640288,0.481635,1.855402,0.948718,1,1
509,0.986199,25.457394,31.442043,29.752456,0.418586,3.820623,0.296875,1,1
1610,0.53315,45.275994,37.052795,27.225466,0.456349,4.409947,0.888889,1,1
0,0,0,0,0,0,0,0,0,1
0,0,0,0,0,0,0,0,0,1
21,0.819024,5.170883,32.571429,32.238095,0.583333,0.953661,1,1,1
0,0,0,0,0,0,0,0,0,1
0,0,0,0,0,0,0,0,0,1
0,0,0,0,0,0,0,0,0,1
0,0,0,0,0,0,0,0,0,1
697,0.761073,29.790065,41.502152,21.530846,0.374329,5.277325,0.77551,-1,1
6,0.790569,2.763953,32.5,31,1,0.477465,0.666667,1,1
0,0,0,0,0,0,0,0,0,1
0,0,0,0,0,0,0,0,0,1
0,0,0,0,0,0,0,0,0,1
360,0.977589,21.409489,20.630556,26.144444,0.399113,2.277184,0.536585,1,1
52,0.981873,8.136858,35.615385,31,0.436975,1.95345,0.411765,1,1
13,0.523557,4.068429,31.615385,32.384615,0.8125,0.642201,1,1,1
34,0.943374,6.579525,32.735294,33.558824,0.772727,1.245795,0.363636,1,1
0,0,0,0,0,0,0,0,0,1
357,0.956076,21.320097,32.45098,40.243697,0.331169,2.881893,0.44898,1,1
0,0,0,0,0,0,0,0,0,1
6,0.6742,2.763953,31.833333,31.833333,0.666667,0.516863,1,1,1
7,0.377964,2.985411,32,31.714286,0.777778,0.53007,1,1,1
0,0,0,0,0,0,0,0,0,1
0,0,0,0,0,0,0,0,0,1
14,0.863051,4.222008,32.571429,30.857143,0.7,0.666489,0.8,1,1
61,0.938678,8.812923,29.196721,29.377049,0.462121,1.542385,0.916667,1,1
25,0.858572,5.641896,30.64,31.48,0.78125,0.927623,0.5,1,1
15,0.883279,4.370194,32.2,30.6,0.833333,0.716489,0.5,1,1
11,0.954205,3.74241,32,31.727273,0.611111,0.908625,0.5,1,1
0,0,0,0,0,0,0,0,0,1
27,0.297735,5.86323,31.407407,31.814815,0.75,0.800975,1,1,1
187,0.994699,15.430353,40.262032,33,0.580745,3.835319,0.152174,1,1
83,0.964787,10.280023,28.036145,37.301205,0.406863,1.762058,0.705882,1,1
51,0.99387,8.058239,27.352941,34.352941,0.1875,1.703503,0.941176,1,1
0,0,0,0,0,0,0,0,0,1
356,0.941288,21.290216,32.432584,36.297753,0.416374,3.604372,0.422222,1,1
6,0.6742,2.763953,30.833333,32.166667,0.666667,0.516863,1,1,1
0,0,0,0,0,0,0,0,0,1
103,0.956737,11.451798,25.165049,26.699029,0.248792,2.728424,0.782609,1,1
0,0,0,0,0,0,0,0,0,1
0,0,0,0,0,0,0,0,0,1
0,0,0,0,0,0,0,0,0,1
0,0,0,0,0,0,0,0,0,1
0,0,0,0,0,0,0,0,0,1
453,0.953135,24.016193,20.222958,32.803532,0.307745,3.435552,0.695652,1,1
0,0,0,0,0,0,0,0,0,1
0,0,0,0,0,0,0,0,0,1
420,0.845417,23.124892,17.847619,41.771429,0.330448,6.109854,0.756098,1,1
0,0,0,0,0,0,0,0,0,1
67,0.687466,9.236182,32.41791,29.223881,0.62037,1.291124,0.75,1,1
10,0.616441,3.568248,31.3,32.7,0.625,0.654797,1,1,1
20,0.638168,5.046265,31.05,31.25,0.8,0.742098,1,1,1
29,0.694321,6.076508,32.172414,31.896552,0.828571,0.799675,0.714286,1,1
0,0,0,0,0,0,0,0,0,1
0,0,0,0,0,0,0,0,0,1
13,0.702799,4.068429,31.769231,32.230769,0.8125,0.717757,1,1,1
465,0.954831,24.332209,29.688172,39.933333,0.337936,2.435524,0.744186,1,1
0,0,0,0,0,0,0,0,0,1
49,0.963372,7.898654,25.77551,34.163265,0.471154,1.617214,0.615385,1,1
2,1,1.595769,32,31.5,1,0,0.5,1,1
7,0.377964,2.985411,32,31.714286,0.777778,0.53007,1,1,1
11,0.846841,3.74241,31.909091,31.818182,0.733333,0.590616,0.6,1,1
6,0.790569,2.763953,32,31.5,1,0.477465,0.666667,1,1
8,0.57735,3.191538,31.5,32,0.666667,0.583178,0.75,1,1
0,0,0,0,0,0,0,0,0,1
0,0,0,0,0,0,0,0,0,1
0,0,0,0,0,0,0,0,0,1
0,0,0,0,0,0,0,0,0,1
669,0.892877,29.185566,36.243647,45.309417,0.451417,2.930252,0.974359,1,1
8,0.894427,3.191538,31.5,32.5,1,0.63662,0.5,1,1
1794,0.661338,47.793219,40.110368,28.491081,0.459529,5.078278,0.953125,0,1
0,0,0,0,0,0,0,0,0,1
0,0,0,0,0,0,0,0,0,1
0,0,0,0,0,0,0,0,0,1
97,0.9932,11.113246,35.57732,37.938144,0.177656,3.560204,0.807692,1,1
0,0,0,0,0,0,0,0,0,1
0,0,0,0,0,0,0,0,0,1
0,0,0,0,0,0,0,0,0,1
11,0.747471,3.74241,31.818182,31.545455,0.6875,0.674635,1,1,1
0,0,0,0,0,0,0,0,0,1
20,0.968282,5.046265,29.15,32.15,0.740741,1.072014,0.333333,1,1
0,0,0,0,0,0,0,0,0,1
16,0.816497,4.513517,31,33,0.64,0.849752,1,1,1
19,0.887388,4.918491,31.789474,32.421053,0.678571,0.951316,0.571429,1,1
6,0.790569,2.763953,32,31.5,1,0.477465,0.666667,1,1
234,0.977805,17.260882,22.448718,24.42735,0.335725,5.16931,0.414634,1,1
0,0,0,0,0,0,0,0,0,1
11,0.90163,3.74241,30.636364,30.181818,0.55,0.821591,0.8,1,1
369,0.961514,21.675456,31.395664,22.089431,0.419318,3.263323,0.454545,1,1
1428,0.838873,42.640193,34.420168,28.422969,0.490385,3.658035,0.928571,1,1
22,0.975821,5.292567,31.227273,29.272727,0.733333,1.392592,0.3,1,1
152,0.9864,13.911593,33.282895,32.717105,0.343891,3.063173,0.382353,1,1
0,0,0,0,0,0,0,0,0,1
51,0.811873,8.058239,31.392157,30.862745,0.662338,1.066356,0.636364,1,1
21,0.975841,5.170883,32.619048,31.380952,0.525,1.176651,0.4,1,1
2,1,1.595769,32,31.5,1,0,0.5,1,1
257,0.934643,18.089294,27.766537,39.202335,0.501953,1.977021,0.5,1,1
0,0,0,0,0,0,0,0,0,1
0,0,0,0,0,0,0,0,0,1
25,0.872374,5.641896,32.36,31.04,0.78125,0.992377,0.5,1,1
2,1,1.595769,32,32.5,1,0,0.5,1,1
0,0,0,0,0,0,0,0,0,1
10,0.935414,3.568248,32.5,31,1,0.795775,0.4,1,1
94,0.983681,10.940042,19.37234,27.840426,0.401709,2.616285,0.346154,1,1
12,0.865757,3.90882,32.25,32.166667,0.6,0.618415,0.8,1,1
260,0.993247,18.194567,33.630769,27.1,0.343915,4.170726,0.259259,1,1
39,0.976067,7.046726,28.923077,35.923077,0.333333,1.332672,0.692308,1,1
25,0.567986,5.641896,31.52,30.84,0.446429,1.234374,0.875,1,1
10,0.816921,3.568248,32.5,32.7,0.625,0.568169,1,1,1
0,0,0,0,0,0,0,0,0,1
0,0,0,0,0,0,0,0,0,1
15,0.821501,4.370194,31.533333,31.4,0.625,0.826981,0.666667,1,1
0,0,0,0,0,0,0,0,0,1
820,0.949518,32.311862,34.331707,34.208537,0.366071,4.664254,0.546875,1,1
0,0,0,0,0,0,0,0,0,1
283,0.984139,18.982276,37.056537,28.650177,0.23273,4.210524,0.842105,1,1
0,0,0,0,0,0,0,0,0,1
0,0,0,0,0,0,0,0,0,1
20,0.91878,5.046265,32,31.5,0.833333,0.975369,0.375,1,1
366,0.968949,21.587165,22.907104,41.128415,0.22399,4.710867,0.883721,1,1
