,Class,FileName,Height,Width,Xmax,Xmin,Ymax,Ymin
0,nodule,subset0_0.jpg,11.64560862,11.64560862,417.82280431,406.17719569,344.82280431,333.17719569
1,nodule,subset0_1.jpg,7.310399552,7.310399552,103.655199776,96.344800224,306.655199776,299.344800224
2,nodule,subset0_2.jpg,10.83118822,10.83118822,446.41559411,435.58440589,315.41559411,304.58440589
3,nodule,subset0_3.jpg,7.244054524,7.244054524,161.622027262,154.377972738,286.622027262,279.377972738
4,nodule,subset0_4.jpg,8.368487089,8.368487089,152.1842435445,143.8157564555,355.1842435445,346.8157564555
5,nodule,subset0_5.jpg,9.25825997,9.25825997,180.629129985,171.370870015,278.629129985,269.370870015
6,nodule,subset0_6.jpg,17.69382414,17.69382414,121.84691207,104.15308793,357.84691207,340.15308793
7,nodule,subset0_7.jpg,5.965579845,5.965579845,116.9827899225,111.0172100775,344.9827899225,339.0172100775
8,nodule,subset0_8.jpg,13.96263215,13.96263215,324.981316075,311.018683925,191.981316075,178.018683925
9,nodule,subset0_9.jpg,6.246461343,6.246461343,293.1232306715,286.8767693285,286.1232306715,279.8767693285
10,nodule,subset0_10.jpg,5.060034849,5.060034849,407.5300174245,402.4699825755,322.5300174245,317.4699825755
11,nodule,subset0_11.jpg,21.58311204,21.58311204,400.79155602,379.20844398,330.79155602,309.20844398
12,nodule,subset0_12.jpg,5.063233243,5.063233243,439.5316166215,434.4683833785,348.5316166215,343.4683833785
13,nodule,subset0_13.jpg,9.253917448,9.253917448,312.626958724,303.373041276,333.626958724,324.373041276
14,nodule,subset0_14.jpg,10.06186005,10.06186005,174.030930025,163.969069975,221.030930025,210.969069975
15,nodule,subset0_15.jpg,6.21739005,6.21739005,86.108695025,79.891304975,177.108695025,170.891304975
16,nodule,subset0_16.jpg,7.98502287,7.98502287,177.992511435,170.007488565,183.992511435,176.007488565
17,nodule,subset0_17.jpg,6.800248866,6.800248866,120.400124433,113.599875567,357.400124433,350.599875567
18,nodule,subset0_18.jpg,12.02215382,12.02215382,200.01107691,187.98892309,361.01107691,348.98892309
19,nodule,subset0_19.jpg,5.88395182,5.88395182,314.94197591,309.05802409,338.94197591,333.05802409
20,nodule,subset0_20.jpg,8.364989395,8.364989395,222.1824946975,213.8175053025,343.1824946975,334.8175053025
21,nodule,subset0_21.jpg,17.52596027,17.52596027,323.762980135,306.237019865,262.762980135,245.237019865
22,nodule,subset0_22.jpg,13.84883567,13.84883567,413.924417835,400.075582165,294.924417835,281.075582165
23,nodule,subset0_23.jpg,6.731878569,6.731878569,114.3659392845,107.6340607155,287.3659392845,280.6340607155
24,nodule,subset0_24.jpg,6.440878725,6.440878725,113.2204393625,106.7795606375,350.2204393625,343.7795606375
25,nodule,subset0_25.jpg,14.62904955,14.62904955,368.314524775,353.685475225,246.314524775,231.685475225
26,nodule,subset0_26.jpg,6.614419285,6.614419285,141.3072096425,134.6927903575,359.3072096425,352.6927903575
27,nodule,subset0_27.jpg,6.720277435,6.720277435,369.3601387175,362.6398612825,267.3601387175,260.6398612825
28,nodule,subset0_28.jpg,3.93841182,3.93841182,105.96920591,102.03079409,240.96920591,237.03079409
29,nodule,subset0_29.jpg,9.443896197,9.443896197,132.7219480985,123.2780519015,181.7219480985,172.2780519015
30,nodule,subset0_30.jpg,13.59647134,13.59647134,432.79823567,419.20176433,292.79823567,279.20176433
31,nodule,subset0_31.jpg,5.028864971,5.028864971,288.5144324855,283.4855675145,304.5144324855,299.4855675145
32,nodule,subset0_32.jpg,7.903510371,7.903510371,457.9517551855,450.0482448145,346.9517551855,339.0482448145
33,nodule,subset0_33.jpg,17.75323185,17.75323185,394.876615925,377.123384075,224.876615925,207.123384075
34,nodule,subset0_34.jpg,6.259551508,6.259551508,115.129775754,108.870224246,366.129775754,359.870224246
35,nodule,subset0_35.jpg,8.103288228,8.103288228,142.051644114,133.948355886,317.051644114,308.948355886
36,nodule,subset0_36.jpg,8.091312581,8.091312581,135.0456562905,126.9543437095,292.0456562905,283.9543437095
37,nodule,subset0_37.jpg,12.68580657,12.68580657,359.342903285,346.657096715,292.342903285,279.657096715
38,nodule,subset0_38.jpg,13.14006008,13.14006008,126.57003004,113.42996996,294.57003004,281.42996996
39,nodule,subset0_39.jpg,18.7832325,18.7832325,167.39161625,148.60838375,243.39161625,224.60838375
40,nodule,subset0_40.jpg,10.4626083,10.4626083,328.23130415,317.76869585,387.23130415,376.76869585
41,nodule,subset0_41.jpg,11.48732767,11.48732767,152.743663835,141.256336165,312.743663835,301.256336165
42,nodule,subset0_42.jpg,3.900928245,3.900928245,116.9504641225,113.0495358775,333.9504641225,330.0495358775
43,nodule,subset0_43.jpg,10.93827513,10.93827513,192.469137565,181.530862435,334.469137565,323.530862435
44,nodule,subset0_44.jpg,8.982986958,8.982986958,361.491493479,352.508506521,326.491493479,317.508506521
45,nodule,subset0_45.jpg,11.17547004,11.17547004,343.58773502,332.41226498,295.58773502,284.41226498
46,nodule,subset0_46.jpg,5.654138498,5.654138498,134.827069249,129.172930751,228.827069249,223.172930751
47,nodule,subset0_47.jpg,8.621579517,8.621579517,100.3107897585,91.6892102415,208.3107897585,199.6892102415
48,nodule,subset0_48.jpg,7.165672419,7.165672419,139.5828362095,132.4171637905,294.5828362095,287.4171637905
49,nodule,subset0_49.jpg,17.3362496,17.3362496,186.6681248,169.3318752,382.6681248,365.3318752
50,nodule,subset0_50.jpg,5.05940652,5.05940652,391.52970326,386.47029674,272.52970326,267.47029674
51,nodule,subset0_51.jpg,15.48525426,15.48525426,191.74262713,176.25737287,250.74262713,235.25737287
52,nodule,subset0_52.jpg,4.678130013,4.678130013,179.3390650065,174.6609349935,132.3390650065,127.6609349935
53,nodule,subset0_53.jpg,25.23320204,25.23320204,357.61660102,332.38339898,396.61660102,371.38339898
54,nodule,subset0_54.jpg,5.070932612,5.070932612,160.535466306,155.464533694,333.535466306,328.464533694
55,nodule,subset0_55.jpg,6.275342115,6.275342115,394.1376710575,387.8623289425,246.1376710575,239.8623289425
56,nodule,subset0_56.jpg,19.65387738,19.65387738,350.82693869,331.17306131,337.82693869,318.17306131
57,nodule,subset0_57.jpg,8.208342207,8.208342207,191.1041711035,182.8958288965,365.1041711035,356.8958288965
58,nodule,subset0_58.jpg,5.105120807,5.105120807,211.5525604035,206.4474395965,252.5525604035,247.4474395965
59,nodule,subset0_59.jpg,6.921521943,6.921521943,62.4607609715,55.5392390285,321.4607609715,314.5392390285
60,nodule,subset0_60.jpg,6.005399015,6.005399015,455.0026995075,448.9973004925,202.0026995075,195.9973004925
61,nodule,subset0_61.jpg,5.253525386,5.253525386,61.626762693,56.373237307,296.626762693,291.373237307
62,nodule,subset0_62.jpg,12.57054118,12.57054118,136.28527059,123.71472941,362.28527059,349.71472941
63,nodule,subset0_63.jpg,6.378436317,6.378436317,460.1892181585,453.8107818415,232.1892181585,225.8107818415
64,nodule,subset0_64.jpg,4.681381581,4.681381581,429.3406907905,424.6593092095,353.3406907905,348.6593092095
65,nodule,subset0_65.jpg,11.10051888,11.10051888,146.55025944,135.44974056,341.55025944,330.44974056
66,nodule,subset0_66.jpg,7.000523906,7.000523906,140.500261953,133.499738047,352.500261953,345.499738047
67,nodule,subset1_0.jpg,8.328291294,8.328291294,307.164145647,298.835854353,353.164145647,344.835854353
68,nodule,subset1_1.jpg,7.141617843,7.141617843,191.5708089215,184.4291910785,211.5708089215,204.4291910785
69,nodule,subset1_2.jpg,23.35064438,23.35064438,327.67532219,304.32467781,378.67532219,355.32467781
70,nodule,subset1_3.jpg,4.703046282,4.703046282,363.351523141,358.648476859,211.351523141,206.648476859
71,nodule,subset1_4.jpg,13.02514237,13.02514237,173.512571185,160.487428815,347.512571185,334.487428815
72,nodule,subset1_5.jpg,9.587295623,9.587295623,231.7936478115,222.2063521885,159.7936478115,150.2063521885
73,nodule,subset1_6.jpg,15.12543067,15.12543067,358.562715335,343.437284665,244.562715335,229.437284665
74,nodule,subset1_7.jpg,7.88580587,7.88580587,77.942902935,70.057097065,288.942902935,281.057097065
75,nodule,subset1_8.jpg,6.853098388,6.853098388,184.426549194,177.573450806,322.426549194,315.573450806
76,nodule,subset1_9.jpg,12.6058106,12.6058106,102.3029053,89.6970947,365.3029053,352.6970947
77,nodule,subset1_10.jpg,6.330288195,6.330288195,202.1651440975,195.8348559025,287.1651440975,280.8348559025
78,nodule,subset1_11.jpg,17.39699158,17.39699158,118.69849579,101.30150421,262.69849579,245.30150421
79,nodule,subset1_12.jpg,3.951407423,3.951407423,399.9757037115,396.0242962885,147.9757037115,144.0242962885
80,nodule,subset1_13.jpg,7.747145031,7.747145031,357.8735725155,350.1264274845,414.8735725155,407.1264274845
81,nodule,subset1_14.jpg,6.940547015,6.940547015,387.4702735075,380.5297264925,382.4702735075,375.5297264925
82,nodule,subset1_15.jpg,6.896207561,6.896207561,154.4481037805,147.5518962195,263.4481037805,256.5518962195
83,nodule,subset1_16.jpg,3.986088287,3.986088287,69.9930441435,66.0069558565,314.9930441435,311.0069558565
84,nodule,subset1_17.jpg,21.47561299,21.47561299,308.737806495,287.262193505,301.737806495,280.262193505
85,nodule,subset1_18.jpg,9.326384983,9.326384983,170.6631924915,161.3368075085,312.6631924915,303.3368075085
86,nodule,subset1_19.jpg,6.044864617,6.044864617,103.0224323085,96.9775676915,390.0224323085,383.9775676915
87,nodule,subset1_20.jpg,15.39279188,15.39279188,146.69639594,131.30360406,314.69639594,299.30360406
88,nodule,subset1_21.jpg,14.31390685,14.31390685,188.156953425,173.843046575,237.156953425,222.843046575
89,nodule,subset1_22.jpg,15.27003429,15.27003429,320.635017145,305.364982855,336.635017145,321.364982855
90,nodule,subset1_23.jpg,6.367212147,6.367212147,108.1836060735,101.8163939265,355.1836060735,348.8163939265
91,nodule,subset1_24.jpg,4.213062603,4.213062603,189.1065313015,184.8934686985,218.1065313015,213.8934686985
92,nodule,subset1_25.jpg,3.8850462,3.8850462,82.9425231,79.0574769,297.9425231,294.0574769
93,nodule,subset1_26.jpg,32.27003025,32.27003025,357.135015125,324.864984875,376.135015125,343.864984875
94,nodule,subset1_27.jpg,8.501262355,8.501262355,374.2506311775,365.7493688225,375.2506311775,366.7493688225
95,nodule,subset1_28.jpg,17.2320792,17.2320792,-344.3839604,-361.6160396,-194.3839604,-211.6160396
96,nodule,subset1_29.jpg,7.9202838,7.9202838,408.9601419,401.0398581,294.9601419,287.0398581
97,nodule,subset1_30.jpg,4.775243237,4.775243237,411.3876216185,406.6123783815,160.3876216185,155.6123783815
98,nodule,subset1_31.jpg,6.943515582,6.943515582,325.471757791,318.528242209,420.471757791,413.528242209
99,nodule,subset1_32.jpg,6.179309944,6.179309944,151.089654972,144.910345028,171.089654972,164.910345028
100,nodule,subset1_33.jpg,6.672413036,6.672413036,404.336206518,397.663793482,365.336206518,358.663793482
101,nodule,subset1_34.jpg,4.991565057,4.991565057,59.4957825285,54.5042174715,218.4957825285,213.5042174715
102,nodule,subset1_35.jpg,8.269325422,8.269325422,115.134662711,106.865337289,218.134662711,209.865337289
103,nodule,subset1_36.jpg,7.035809202,7.035809202,354.517904601,347.482095399,224.517904601,217.482095399
104,nodule,subset1_37.jpg,13.69356578,13.69356578,148.84678289,135.15321711,297.84678289,284.15321711
105,nodule,subset1_38.jpg,10.52433762,10.52433762,432.26216881,421.73783119,318.26216881,307.73783119
106,nodule,subset1_39.jpg,10.46585391,10.46585391,123.232926955,112.767073045,264.232926955,253.767073045
107,nodule,subset1_40.jpg,14.88143912,14.88143912,369.44071956,354.55928044,311.44071956,296.55928044
108,nodule,subset1_41.jpg,8.735774018,8.735774018,390.367887009,381.632112991,217.367887009,208.632112991
109,nodule,subset1_42.jpg,9.407091622,9.407091622,174.703545811,165.296454189,359.703545811,350.296454189
110,nodule,subset1_43.jpg,20.88367551,20.88367551,199.441837755,178.558162245,444.441837755,423.558162245
111,nodule,subset1_44.jpg,17.41146394,17.41146394,383.70573197,366.29426803,256.70573197,239.29426803
112,nodule,subset1_45.jpg,21.67749437,21.67749437,433.838747185,412.161252815,249.838747185,228.161252815
113,nodule,subset1_46.jpg,8.875835636,8.875835636,361.437917818,352.562082182,286.437917818,277.562082182
114,nodule,subset1_47.jpg,7.748454694,7.748454694,456.874227347,449.125772653,276.874227347,269.125772653
115,nodule,subset1_48.jpg,18.50978255,18.50978255,-351.745108725,-370.254891275,-155.745108725,-174.254891275
116,nodule,subset1_49.jpg,11.08601237,11.08601237,204.543006185,193.456993815,366.543006185,355.456993815
117,nodule,subset1_50.jpg,4.812692889,4.812692889,353.4063464445,348.5936535555,237.4063464445,232.5936535555
118,nodule,subset1_51.jpg,20.11629595,20.11629595,201.058147975,180.941852025,276.058147975,255.941852025
119,nodule,subset1_52.jpg,7.401764599,7.401764599,459.7008822995,452.2991177005,186.7008822995,179.2991177005
120,nodule,subset1_53.jpg,6.605182062,6.605182062,103.302591031,96.697408969,179.302591031,172.697408969
121,nodule,subset1_54.jpg,5.937590395,5.937590395,312.9687951975,307.0312048025,221.9687951975,216.0312048025
122,nodule,subset1_55.jpg,8.488955168,8.488955168,210.244477584,201.755522416,154.244477584,145.755522416
123,nodule,subset1_56.jpg,6.529558333,6.529558333,154.2647791665,147.7352208335,432.2647791665,425.7352208335
124,nodule,subset1_57.jpg,4.866308788,4.866308788,325.433154394,320.566845606,285.433154394,280.566845606
125,nodule,subset1_58.jpg,3.841244999,3.841244999,107.9206224995,104.0793775005,345.9206224995,342.0793775005
126,nodule,subset1_59.jpg,5.194045747,5.194045747,91.5970228735,86.4029771265,314.5970228735,309.4029771265
127,nodule,subset1_60.jpg,5.916173884,5.916173884,315.958086942,310.041913058,339.958086942,334.041913058
128,nodule,subset2_0.jpg,4.510288907,4.510288907,142.2551444535,137.7448555465,248.2551444535,243.7448555465
129,nodule,subset2_1.jpg,6.856554178,6.856554178,142.428277089,135.571722911,162.428277089,155.571722911
130,nodule,subset2_2.jpg,7.636326684,7.636326684,87.818163342,80.181836658,367.818163342,360.181836658
131,nodule,subset2_3.jpg,14.91474445,14.91474445,-182.542627775,-197.457372225,-185.542627775,-200.457372225
132,nodule,subset2_4.jpg,10.02702167,10.02702167,142.013510835,131.986489165,344.013510835,333.986489165
133,nodule,subset2_5.jpg,8.101613434,8.101613434,444.050806717,435.949193283,210.050806717,201.949193283
134,nodule,subset2_6.jpg,19.57555466,19.57555466,352.78777733,333.21222267,357.78777733,338.21222267
135,nodule,subset2_7.jpg,5.838910273,5.838910273,356.9194551365,351.0805448635,398.9194551365,393.0805448635
136,nodule,subset2_8.jpg,6.548067679,6.548067679,332.2740338395,325.7259661605,411.2740338395,404.7259661605
137,nodule,subset2_9.jpg,5.739194256,5.739194256,188.869597128,183.130402872,411.869597128,406.130402872
138,nodule,subset2_10.jpg,21.08245746,21.08245746,410.54122873,389.45877127,355.54122873,334.45877127
139,nodule,subset2_11.jpg,5.901320414,5.901320414,115.950660207,110.049339793,121.950660207,116.049339793
140,nodule,subset2_12.jpg,14.19833109,14.19833109,133.099165545,118.900834455,325.099165545,310.900834455
141,nodule,subset2_13.jpg,14.95279904,14.95279904,355.47639952,340.52360048,322.47639952,307.52360048
142,nodule,subset2_14.jpg,9.772734741,9.772734741,197.8863673705,188.1136326295,422.8863673705,413.1136326295
143,nodule,subset2_15.jpg,13.65181798,13.65181798,185.82590899,172.17409101,368.82590899,355.17409101
144,nodule,subset2_16.jpg,4.872378109,4.872378109,114.4361890545,109.5638109455,339.4361890545,334.5638109455
145,nodule,subset2_17.jpg,11.60251126,11.60251126,374.80125563,363.19874437,318.80125563,307.19874437
146,nodule,subset2_18.jpg,6.375976946,6.375976946,460.187988473,453.812011527,271.187988473,264.812011527
147,nodule,subset2_19.jpg,7.234065071,7.234065071,208.6170325355,201.3829674645,356.6170325355,349.3829674645
148,nodule,subset2_20.jpg,27.44242293,27.44242293,-317.278788535,-344.721211465,-178.278788535,-205.721211465
149,nodule,subset2_21.jpg,8.128059459,8.128059459,152.0640297295,143.9359702705,283.0640297295,274.9359702705
150,nodule,subset2_22.jpg,15.67293211,15.67293211,102.836466055,87.163533945,260.836466055,245.163533945
151,nodule,subset2_23.jpg,4.887779405,4.887779405,436.4438897025,431.5561102975,255.4438897025,250.5561102975
152,nodule,subset2_24.jpg,21.25611171,21.25611171,176.628055855,155.371944145,223.628055855,202.371944145
153,nodule,subset2_25.jpg,17.15800497,17.15800497,224.579002485,207.420997515,217.579002485,200.420997515
154,nodule,subset2_26.jpg,6.313681857,6.313681857,152.1568409285,145.8431590715,388.1568409285,381.8431590715
155,nodule,subset2_27.jpg,6.587261619,6.587261619,45.2936308095,38.7063691905,268.2936308095,261.7063691905
156,nodule,subset2_28.jpg,6.45617819,6.45617819,364.228089095,357.771910905,272.228089095,265.771910905
157,nodule,subset2_29.jpg,5.686317218,5.686317218,429.843158609,424.156841391,319.843158609,314.156841391
158,nodule,subset2_30.jpg,23.93362973,23.93362973,131.966814865,108.033185135,205.966814865,182.033185135
159,nodule,subset2_31.jpg,22.77961842,22.77961842,432.38980921,409.61019079,302.38980921,279.61019079
160,nodule,subset2_32.jpg,6.232717756,6.232717756,188.116358878,181.883641122,354.116358878,347.883641122
161,nodule,subset2_33.jpg,16.18466141,16.18466141,-83.907669295,-100.092330705,-167.907669295,-184.092330705
162,nodule,subset2_34.jpg,11.4755235,11.4755235,123.73776175,112.26223825,232.73776175,221.26223825
163,nodule,subset2_35.jpg,15.9976197,15.9976197,327.99880985,312.00119015,341.99880985,326.00119015
164,nodule,subset2_36.jpg,13.73620925,13.73620925,347.868104625,334.131895375,282.868104625,269.131895375
165,nodule,subset2_37.jpg,19.91668687,19.91668687,221.958343435,202.041656565,329.958343435,310.041656565
166,nodule,subset2_38.jpg,7.966642163,7.966642163,143.9833210815,136.0166789185,204.9833210815,197.0166789185
167,nodule,subset2_39.jpg,7.664341312,7.664341312,338.832170656,331.167829344,438.832170656,431.167829344
168,nodule,subset2_40.jpg,18.54514997,18.54514997,229.272574985,210.727425015,302.272574985,283.727425015
169,nodule,subset2_41.jpg,10.72670328,10.72670328,236.36335164,225.63664836,327.36335164,316.63664836
170,nodule,subset2_42.jpg,11.47132343,11.47132343,162.735661715,151.264338285,209.735661715,198.264338285
171,nodule,subset2_43.jpg,6.704958329,6.704958329,180.3524791645,173.6475208355,307.3524791645,300.6475208355
172,nodule,subset2_44.jpg,6.145856048,6.145856048,406.072928024,399.927071976,303.072928024,296.927071976
173,nodule,subset2_45.jpg,9.002203924,9.002203924,356.501101962,347.498898038,361.501101962,352.498898038
174,nodule,subset2_46.jpg,11.80179732,11.80179732,184.90089866,173.09910134,375.90089866,364.09910134
175,nodule,subset2_47.jpg,4.512190166,4.512190166,102.256095083,97.743904917,281.256095083,276.743904917
176,nodule,subset2_48.jpg,5.842982096,5.842982096,215.921491048,210.078508952,284.921491048,279.078508952
177,nodule,subset2_49.jpg,21.57854728,21.57854728,154.78927364,133.21072636,173.78927364,152.21072636
178,nodule,subset2_50.jpg,11.8061039,11.8061039,117.90305195,106.09694805,312.90305195,301.09694805
179,nodule,subset2_51.jpg,3.885893197,3.885893197,437.9429465985,434.0570534015,239.9429465985,236.0570534015
180,nodule,subset2_52.jpg,11.73040225,11.73040225,204.865201125,193.134798875,336.865201125,325.134798875
181,nodule,subset2_53.jpg,5.850666721,5.850666721,425.9253333605,420.0746666395,366.9253333605,361.0746666395
182,nodule,subset2_54.jpg,7.35278351,7.35278351,112.676391755,105.323608245,197.676391755,190.323608245
183,nodule,subset2_55.jpg,5.19625288,5.19625288,141.59812644,136.40187356,334.59812644,329.40187356
184,nodule,subset3_0.jpg,4.375706691,4.375706691,411.1878533455,406.8121466545,252.1878533455,247.8121466545
185,nodule,subset3_1.jpg,6.545987665,6.545987665,208.2729938325,201.7270061675,397.2729938325,390.7270061675
186,nodule,subset3_2.jpg,14.15074869,14.15074869,110.075374345,95.924625655,277.075374345,262.924625655
187,nodule,subset3_3.jpg,15.6929733,15.6929733,366.84648665,351.15351335,301.84648665,286.15351335
188,nodule,subset3_4.jpg,16.2317489,16.2317489,158.11587445,141.88412555,314.11587445,297.88412555
189,nodule,subset3_5.jpg,13.20481203,13.20481203,342.602406015,329.397593985,408.602406015,395.397593985
190,nodule,subset3_6.jpg,27.07544345,27.07544345,122.537721725,95.462278275,325.537721725,298.462278275
191,nodule,subset3_7.jpg,16.97755709,16.97755709,166.488778545,149.511221455,317.488778545,300.511221455
192,nodule,subset3_8.jpg,5.433793389,5.433793389,166.7168966945,161.2831033055,374.7168966945,369.2831033055
193,nodule,subset3_9.jpg,10.37870953,10.37870953,-341.810645235,-352.189354765,-155.810645235,-166.189354765
194,nodule,subset3_10.jpg,21.87973183,21.87973183,126.939865915,105.060134085,332.939865915,311.060134085
195,nodule,subset3_11.jpg,6.281626529,6.281626529,214.1408132645,207.8591867355,409.1408132645,402.8591867355
196,nodule,subset3_12.jpg,10.36232088,10.36232088,359.18116044,348.81883956,294.18116044,283.81883956
197,nodule,subset3_13.jpg,4.114597416,4.114597416,79.057298708,74.942701292,375.057298708,370.942701292
198,nodule,subset3_14.jpg,17.60680854,17.60680854,220.80340427,203.19659573,212.80340427,195.19659573
199,nodule,subset3_15.jpg,5.463268111,5.463268111,368.7316340555,363.2683659445,152.7316340555,147.2683659445
200,nodule,subset3_16.jpg,5.498575682,5.498575682,177.749287841,172.250712159,160.749287841,155.250712159
201,nodule,subset3_17.jpg,9.82174492,9.82174492,133.91087246,124.08912754,243.91087246,234.08912754
202,nodule,subset3_18.jpg,7.370224529,7.370224529,123.6851122645,116.3148877355,288.6851122645,281.3148877355
203,nodule,subset3_19.jpg,4.521001895,4.521001895,159.2605009475,154.7394990525,259.2605009475,254.7394990525
204,nodule,subset3_20.jpg,17.15288922,17.15288922,378.57644461,361.42355539,369.57644461,352.42355539
205,nodule,subset3_21.jpg,8.10334672,8.10334672,399.05167336,390.94832664,275.05167336,266.94832664
206,nodule,subset3_22.jpg,23.48374545,23.48374545,-322.258127275,-345.741872725,-195.258127275,-218.741872725
207,nodule,subset3_23.jpg,4.97609166,4.97609166,81.48804583,76.51195417,209.48804583,204.51195417
208,nodule,subset3_24.jpg,11.05222629,11.05222629,112.526113145,101.473886855,238.526113145,227.473886855
209,nodule,subset3_25.jpg,18.67552564,18.67552564,127.33776282,108.66223718,378.33776282,359.66223718
210,nodule,subset3_26.jpg,4.502295592,4.502295592,109.251147796,104.748852204,353.251147796,348.748852204
211,nodule,subset3_27.jpg,6.618630161,6.618630161,65.3093150805,58.6906849195,309.3093150805,302.6906849195
212,nodule,subset3_28.jpg,13.64151987,13.64151987,179.820759935,166.179240065,197.820759935,184.179240065
213,nodule,subset3_29.jpg,4.968821175,4.968821175,361.4844105875,356.5155894125,327.4844105875,322.5155894125
214,nodule,subset3_30.jpg,12.16970693,12.16970693,235.084853465,222.915146535,191.084853465,178.915146535
215,nodule,subset3_31.jpg,3.975397996,3.975397996,183.987698998,180.012301002,130.987698998,127.012301002
216,nodule,subset3_32.jpg,6.373118453,6.373118453,145.1865592265,138.8134407735,303.1865592265,296.8134407735
217,nodule,subset3_33.jpg,7.734742324,7.734742324,137.867371162,130.132628838,340.867371162,333.132628838
218,nodule,subset3_34.jpg,6.906358753,6.906358753,348.4531793765,341.5468206235,319.4531793765,312.5468206235
219,nodule,subset3_35.jpg,22.13322034,22.13322034,324.06661017,301.93338983,180.06661017,157.93338983
220,nodule,subset3_36.jpg,9.562175963,9.562175963,299.7810879815,290.2189120185,398.7810879815,389.2189120185
221,nodule,subset3_37.jpg,5.279110868,5.279110868,115.639555434,110.360444566,339.639555434,334.360444566
222,nodule,subset3_38.jpg,5.866256959,5.866256959,400.9331284795,395.0668715205,296.9331284795,291.0668715205
223,nodule,subset3_39.jpg,4.779476584,4.779476584,66.389738292,61.610261708,333.389738292,328.610261708
224,nodule,subset3_40.jpg,21.82795321,21.82795321,-368.086023395,-389.913976605,-213.086023395,-234.913976605
225,nodule,subset3_41.jpg,7.744221728,7.744221728,149.872110864,142.127889136,81.872110864,74.127889136
226,nodule,subset3_42.jpg,8.766657397,8.766657397,191.3833286985,182.6166713015,337.3833286985,328.6166713015
227,nodule,subset3_43.jpg,7.16854239,7.16854239,254.584271195,247.415728805,313.584271195,306.415728805
228,nodule,subset3_44.jpg,12.06823325,12.06823325,169.034116625,156.965883375,315.034116625,302.965883375
229,nodule,subset3_45.jpg,16.10237553,16.10237553,405.051187765,388.948812235,269.051187765,252.948812235
230,nodule,subset3_46.jpg,15.71097733,15.71097733,219.855488665,204.144511335,327.855488665,312.144511335
231,nodule,subset3_47.jpg,8.315884851,8.315884851,145.1579424255,136.8420575745,316.1579424255,307.8420575745
232,nodule,subset3_48.jpg,9.566936036,9.566936036,414.783468018,405.216531982,247.783468018,238.216531982
233,nodule,subset3_49.jpg,13.16123654,13.16123654,66.58061827,53.41938173,296.58061827,283.41938173
234,nodule,subset3_50.jpg,17.98864725,17.98864725,216.994323625,199.005676375,234.994323625,217.005676375
235,nodule,subset3_51.jpg,5.925757611,5.925757611,329.9628788055,324.0371211945,368.9628788055,363.0371211945
236,nodule,subset3_52.jpg,9.991058045,9.991058045,222.9955290225,213.0044709775,376.9955290225,367.0044709775
237,nodule,subset3_53.jpg,5.982909574,5.982909574,142.991454787,137.008545213,353.991454787,348.008545213
238,nodule,subset3_54.jpg,22.78152704,22.78152704,328.39076352,305.60923648,246.39076352,223.60923648
239,nodule,subset3_55.jpg,5.285669845,5.285669845,114.6428349225,109.3571650775,370.6428349225,365.3571650775
240,nodule,subset3_56.jpg,5.509268361,5.509268361,367.7546341805,362.2453658195,347.7546341805,342.2453658195
241,nodule,subset3_57.jpg,12.55350151,12.55350151,206.276750755,193.723249245,348.276750755,335.723249245
242,nodule,subset3_58.jpg,7.065657802,7.065657802,142.532828901,135.467171099,167.532828901,160.467171099
243,nodule,subset3_59.jpg,4.560710413,4.560710413,144.2803552065,139.7196447935,325.2803552065,320.7196447935
244,nodule,subset3_60.jpg,5.217135106,5.217135106,123.608567553,118.391432447,347.608567553,342.391432447
245,nodule,subset3_61.jpg,8.842809348,8.842809348,-100.578595326,-109.421404674,-254.578595326,-263.421404674
246,nodule,subset3_62.jpg,9.642120967,9.642120967,378.8210604835,369.1789395165,283.8210604835,274.1789395165
247,nodule,subset3_63.jpg,6.250647306,6.250647306,202.125323653,195.874676347,339.125323653,332.874676347
248,nodule,subset3_64.jpg,8.117918353,8.117918353,349.0589591765,340.9410408235,381.0589591765,372.9410408235
249,nodule,subset4_0.jpg,5.834911249,5.834911249,93.9174556245,88.0825443755,259.9174556245,254.0825443755
250,nodule,subset4_1.jpg,7.3033558,7.3033558,335.6516779,328.3483221,216.6516779,209.3483221
251,nodule,subset4_2.jpg,6.049591287,6.049591287,471.0247956435,464.9752043565,243.0247956435,236.9752043565
252,nodule,subset4_3.jpg,9.286445444,9.286445444,432.643222722,423.356777278,284.643222722,275.356777278
253,nodule,subset4_4.jpg,20.91111634,20.91111634,406.45555817,385.54444183,235.45555817,214.54444183
254,nodule,subset4_5.jpg,18.82522399,18.82522399,425.412611995,406.587388005,282.412611995,263.587388005
255,nodule,subset4_6.jpg,6.000997888,6.000997888,132.000498944,125.999501056,144.000498944,137.999501056
256,nodule,subset4_7.jpg,6.506928243,6.506928243,492.2534641215,485.7465358785,283.2534641215,276.7465358785
257,nodule,subset4_8.jpg,6.405074711,6.405074711,396.2025373555,389.7974626445,305.2025373555,298.7974626445
258,nodule,subset4_9.jpg,16.59533492,16.59533492,403.29766746,386.70233254,202.29766746,185.70233254
259,nodule,subset4_10.jpg,10.26078692,10.26078692,386.13039346,375.86960654,274.13039346,263.86960654
260,nodule,subset4_11.jpg,10.82451529,10.82451529,341.412257645,330.587742355,372.412257645,361.587742355
261,nodule,subset4_12.jpg,19.310152,19.310152,220.655076,201.344924,344.655076,325.344924
262,nodule,subset4_13.jpg,7.068103093,7.068103093,59.5340515465,52.4659484535,298.5340515465,291.4659484535
263,nodule,subset4_14.jpg,5.738267951,5.738267951,86.8691339755,81.1308660245,229.8691339755,224.1308660245
264,nodule,subset4_15.jpg,4.450273187,4.450273187,430.2251365935,425.7748634065,270.2251365935,265.7748634065
265,nodule,subset4_16.jpg,7.53039924,7.53039924,175.76519962,168.23480038,166.76519962,159.23480038
266,nodule,subset4_17.jpg,8.566001555,8.566001555,372.2830007775,363.7169992225,315.2830007775,306.7169992225
267,nodule,subset4_18.jpg,6.418972326,6.418972326,398.209486163,391.790513837,349.209486163,342.790513837
268,nodule,subset4_19.jpg,5.235946908,5.235946908,417.617973454,412.382026546,299.617973454,294.382026546
269,nodule,subset4_20.jpg,6.908606934,6.908606934,120.454303467,113.545696533,155.454303467,148.545696533
270,nodule,subset4_21.jpg,7.28852581,7.28852581,173.644262905,166.355737095,409.644262905,402.355737095
271,nodule,subset4_22.jpg,24.77327957,24.77327957,379.386639785,354.613360215,240.386639785,215.613360215
272,nodule,subset4_23.jpg,19.84919656,19.84919656,317.92459828,298.07540172,233.92459828,214.07540172
273,nodule,subset4_24.jpg,7.850328152,7.850328152,168.925164076,161.074835924,312.925164076,305.074835924
274,nodule,subset4_25.jpg,6.821386617,6.821386617,130.4106933085,123.5893066915,345.4106933085,338.5893066915
275,nodule,subset4_26.jpg,4.653858021,4.653858021,382.3269290105,377.6730709895,361.3269290105,356.6730709895
276,nodule,subset4_27.jpg,8.648009287,8.648009287,137.3240046435,128.6759953565,431.3240046435,422.6759953565
277,nodule,subset4_28.jpg,5.694304171,5.694304171,168.8471520855,163.1528479145,298.8471520855,293.1528479145
278,nodule,subset4_29.jpg,5.992452195,5.992452195,231.9962260975,226.0037739025,265.9962260975,260.0037739025
279,nodule,subset4_30.jpg,18.15623418,18.15623418,327.07811709,308.92188291,361.07811709,342.92188291
280,nodule,subset4_31.jpg,12.73358119,12.73358119,399.366790595,386.633209405,339.366790595,326.633209405
281,nodule,subset4_32.jpg,8.604619037,8.604619037,129.3023095185,120.6976904815,277.3023095185,268.6976904815
282,nodule,subset4_33.jpg,6.773419875,6.773419875,144.3867099375,137.6132900625,313.3867099375,306.6132900625
283,nodule,subset4_34.jpg,7.90492271,7.90492271,168.952461355,161.047538645,371.952461355,364.047538645
284,nodule,subset4_35.jpg,14.13656827,14.13656827,360.068284135,345.931715865,269.068284135,254.931715865
285,nodule,subset4_36.jpg,11.23154253,11.23154253,389.615771265,378.384228735,308.615771265,297.384228735
286,nodule,subset4_37.jpg,7.083745614,7.083745614,103.541872807,96.458127193,273.541872807,266.458127193
287,nodule,subset4_38.jpg,5.866867348,5.866867348,230.933433674,225.066566326,386.933433674,381.066566326
288,nodule,subset4_39.jpg,7.196392768,7.196392768,82.598196384,75.401803616,223.598196384,216.401803616
289,nodule,subset4_40.jpg,16.02309072,16.02309072,322.01154536,305.98845464,213.01154536,196.98845464
290,nodule,subset4_41.jpg,5.663498473,5.663498473,76.8317492365,71.1682507635,338.8317492365,333.1682507635
291,nodule,subset4_42.jpg,13.05097889,13.05097889,170.525489445,157.474510555,198.525489445,185.474510555
292,nodule,subset4_43.jpg,5.183339807,5.183339807,135.5916699035,130.4083300965,386.5916699035,381.4083300965
293,nodule,subset4_44.jpg,5.165048038,5.165048038,422.582524019,417.417475981,340.582524019,335.417475981
294,nodule,subset4_45.jpg,3.820577768,3.820577768,441.910288884,438.089711116,281.910288884,278.089711116
295,nodule,subset4_46.jpg,20.52475616,20.52475616,348.26237808,327.73762192,356.26237808,335.73762192
296,nodule,subset4_47.jpg,6.967714598,6.967714598,194.483857299,187.516142701,411.483857299,404.516142701
297,nodule,subset4_48.jpg,8.811296392,8.811296392,-155.594351804,-164.405648196,-305.594351804,-314.405648196
298,nodule,subset4_49.jpg,17.60397571,17.60397571,366.801987855,349.198012145,205.801987855,188.198012145
299,nodule,subset4_50.jpg,4.554576075,4.554576075,440.2772880375,435.7227119625,253.2772880375,248.7227119625
300,nodule,subset4_51.jpg,5.087935069,5.087935069,122.5439675345,117.4560324655,181.5439675345,176.4560324655
301,nodule,subset4_52.jpg,10.43124188,10.43124188,115.21562094,104.78437906,359.21562094,348.78437906
302,nodule,subset4_53.jpg,6.23861912,6.23861912,70.11930956,63.88069044,248.11930956,241.88069044
303,nodule,subset4_54.jpg,15.353919,15.353919,127.6769595,112.3230405,328.6769595,313.3230405
304,nodule,subset4_55.jpg,9.421061711,9.421061711,326.7105308555,317.2894691445,412.7105308555,403.2894691445
305,nodule,subset4_56.jpg,4.990997154,4.990997154,452.495498577,447.504501423,197.495498577,192.504501423
306,nodule,subset4_57.jpg,5.582216627,5.582216627,412.7911083135,407.2088916865,217.7911083135,212.2088916865
307,nodule,subset4_58.jpg,14.22065706,14.22065706,309.11032853,294.88967147,209.11032853,194.88967147
308,nodule,subset4_59.jpg,16.63502176,16.63502176,187.31751088,170.68248912,249.31751088,232.68248912
309,nodule,subset4_60.jpg,10.80320051,10.80320051,175.401600255,164.598399745,217.401600255,206.598399745
310,nodule,subset4_61.jpg,4.825085741,4.825085741,150.4125428705,145.5874571295,395.4125428705,390.5874571295
311,nodule,subset5_0.jpg,5.529020275,5.529020275,429.7645101375,424.2354898625,189.7645101375,184.2354898625
312,nodule,subset5_1.jpg,5.362783598,5.362783598,106.681391799,101.318608201,304.681391799,299.318608201
313,nodule,subset5_2.jpg,4.341079966,4.341079966,316.170539983,311.829460017,369.170539983,364.829460017
314,nodule,subset5_3.jpg,8.70905255,8.70905255,184.354526275,175.645473725,293.354526275,284.645473725
315,nodule,subset5_4.jpg,8.623614727,8.623614727,377.3118073635,368.6881926365,179.3118073635,170.6881926365
316,nodule,subset5_5.jpg,11.2322969,11.2322969,435.61614845,424.38385155,374.61614845,363.38385155
317,nodule,subset5_6.jpg,4.216156288,4.216156288,361.108078144,356.891921856,218.108078144,213.891921856
318,nodule,subset5_7.jpg,4.631274716,4.631274716,395.315637358,390.684362642,359.315637358,354.684362642
319,nodule,subset5_8.jpg,7.600976518,7.600976518,57.800488259,50.199511741,267.800488259,260.199511741
320,nodule,subset5_9.jpg,5.155662025,5.155662025,126.5778310125,121.4221689875,320.5778310125,315.4221689875
321,nodule,subset5_10.jpg,5.738087494,5.738087494,174.869043747,169.130956253,300.869043747,295.130956253
322,nodule,subset5_11.jpg,12.13515303,12.13515303,395.067576515,382.932423485,338.067576515,325.932423485
323,nodule,subset5_12.jpg,13.44804609,13.44804609,375.724023045,362.275976955,394.724023045,381.275976955
324,nodule,subset5_13.jpg,6.309861737,6.309861737,119.1549308685,112.8450691315,201.1549308685,194.8450691315
325,nodule,subset5_14.jpg,7.125812147,7.125812147,145.5629060735,138.4370939265,313.5629060735,306.4370939265
326,nodule,subset5_15.jpg,22.46928325,22.46928325,377.234641625,354.765358375,276.234641625,253.765358375
327,nodule,subset5_16.jpg,7.296371673,7.296371673,132.6481858365,125.3518141635,269.6481858365,262.3518141635
328,nodule,subset5_17.jpg,5.490544909,5.490544909,453.7452724545,448.2547275455,325.7452724545,320.2547275455
329,nodule,subset5_18.jpg,13.84309944,13.84309944,199.92154972,186.07845028,409.92154972,396.07845028
330,nodule,subset5_19.jpg,5.806583725,5.806583725,377.9032918625,372.0967081375,229.9032918625,224.0967081375
331,nodule,subset5_20.jpg,6.70661454,6.70661454,374.35330727,367.64669273,359.35330727,352.64669273
332,nodule,subset5_21.jpg,7.318099839,7.318099839,450.6590499195,443.3409500805,220.6590499195,213.3409500805
333,nodule,subset5_22.jpg,10.33318806,10.33318806,186.16659403,175.83340597,402.16659403,391.83340597
334,nodule,subset5_23.jpg,5.253505195,5.253505195,184.6267525975,179.3732474025,386.6267525975,381.3732474025
335,nodule,subset5_24.jpg,8.391787919,8.391787919,130.1958939595,121.8041060405,335.1958939595,326.8041060405
336,nodule,subset5_25.jpg,14.61583872,14.61583872,198.30791936,183.69208064,152.30791936,137.69208064
337,nodule,subset5_26.jpg,18.99864751,18.99864751,178.499323755,159.500676245,404.499323755,385.500676245
338,nodule,subset5_27.jpg,4.570090698,4.570090698,95.285045349,90.714954651,288.285045349,283.714954651
339,nodule,subset5_28.jpg,9.454440433,9.454440433,171.7272202165,162.2727797835,315.7272202165,306.2727797835
340,nodule,subset5_29.jpg,11.84107821,11.84107821,147.920539105,136.079460895,288.920539105,277.079460895
341,nodule,subset5_30.jpg,6.470686725,6.470686725,203.2353433625,196.7646566375,159.2353433625,152.7646566375
342,nodule,subset5_31.jpg,7.121051509,7.121051509,205.5605257545,198.4394742455,317.5605257545,310.4394742455
343,nodule,subset5_32.jpg,8.742043676,8.742043676,150.371021838,141.628978162,307.371021838,298.628978162
344,nodule,subset5_33.jpg,5.786347814,5.786347814,387.893173907,382.106826093,272.893173907,267.106826093
345,nodule,subset5_34.jpg,3.611869871,3.611869871,372.8059349355,369.1940650645,210.8059349355,207.1940650645
346,nodule,subset5_35.jpg,6.358950284,6.358950284,115.179475142,108.820524858,329.179475142,322.820524858
347,nodule,subset5_36.jpg,7.765435432,7.765435432,199.882717716,192.117282284,281.882717716,274.117282284
348,nodule,subset5_37.jpg,5.696507379,5.696507379,428.8482536895,423.1517463105,153.8482536895,148.1517463105
349,nodule,subset5_38.jpg,17.30912384,17.30912384,175.65456192,158.34543808,373.65456192,356.34543808
350,nodule,subset5_39.jpg,4.335976969,4.335976969,389.1679884845,384.8320115155,340.1679884845,335.8320115155
351,nodule,subset5_40.jpg,11.68644494,11.68644494,160.84322247,149.15677753,328.84322247,317.15677753
352,nodule,subset5_41.jpg,13.68374597,13.68374597,193.841872985,180.158127015,305.841872985,292.158127015
353,nodule,subset5_42.jpg,5.295457654,5.295457654,338.647728827,333.352271173,388.647728827,383.352271173
354,nodule,subset5_43.jpg,7.925895827,7.925895827,463.9629479135,456.0370520865,299.9629479135,292.0370520865
355,nodule,subset5_44.jpg,6.858527982,6.858527982,415.429263991,408.570736009,221.429263991,214.570736009
356,nodule,subset5_45.jpg,8.413884666,8.413884666,200.206942333,191.793057667,183.206942333,174.793057667
357,nodule,subset5_46.jpg,30.61040636,30.61040636,349.30520318,318.69479682,343.30520318,312.69479682
358,nodule,subset5_47.jpg,6.243459504,6.243459504,431.121729752,424.878270248,326.121729752,319.878270248
359,nodule,subset5_48.jpg,6.306448592,6.306448592,391.153224296,384.846775704,380.153224296,373.846775704
360,nodule,subset5_49.jpg,6.975190342,6.975190342,215.487595171,208.512404829,271.487595171,264.512404829
361,nodule,subset5_50.jpg,12.449031,12.449031,131.2245155,118.7754845,330.2245155,317.7754845
362,nodule,subset5_51.jpg,12.98553245,12.98553245,125.492766225,112.507233775,202.492766225,189.507233775
363,nodule,subset5_52.jpg,12.23861568,12.23861568,142.11930784,129.88069216,297.11930784,284.88069216
364,nodule,subset5_53.jpg,6.429381085,6.429381085,411.2146905425,404.7853094575,295.2146905425,288.7853094575
365,nodule,subset7_0.jpg,5.521988183,5.521988183,208.7609940915,203.2390059085,278.7609940915,273.2390059085
366,nodule,subset7_1.jpg,10.96737987,10.96737987,168.483689935,157.516310065,304.483689935,293.516310065
367,nodule,subset7_2.jpg,14.16396307,14.16396307,172.081981535,157.918018465,263.081981535,248.918018465
368,nodule,subset7_3.jpg,10.7593487,10.7593487,309.37967435,298.62032565,161.37967435,150.62032565
369,nodule,subset7_4.jpg,9.503203598,9.503203598,119.751601799,110.248398201,310.751601799,301.248398201
370,nodule,subset7_5.jpg,17.141662,17.141662,318.570831,301.429169,343.570831,326.429169
371,nodule,subset7_6.jpg,14.01055468,14.01055468,389.00527734,374.99472266,316.00527734,301.99472266
372,nodule,subset7_7.jpg,4.790997214,4.790997214,346.395498607,341.604501393,322.395498607,317.604501393
373,nodule,subset7_8.jpg,10.1269398,10.1269398,459.0634699,448.9365301,296.0634699,285.9365301
374,nodule,subset7_9.jpg,7.025592326,7.025592326,162.512796163,155.487203837,225.512796163,218.487203837
375,nodule,subset7_10.jpg,8.605650458,8.605650458,400.302825229,391.697174771,268.302825229,259.697174771
376,nodule,subset7_11.jpg,4.890021449,4.890021449,197.4450107245,192.5549892755,369.4450107245,364.5549892755
377,nodule,subset7_12.jpg,6.642184792,6.642184792,169.321092396,162.678907604,344.321092396,337.678907604
378,nodule,subset7_13.jpg,5.808348361,5.808348361,415.9041741805,410.0958258195,349.9041741805,344.0958258195
379,nodule,subset7_14.jpg,4.311583799,4.311583799,128.1557918995,123.8442081005,195.1557918995,190.8442081005
380,nodule,subset7_15.jpg,11.16379761,11.16379761,191.581898805,180.418101195,295.581898805,284.418101195
381,nodule,subset7_16.jpg,7.736403192,7.736403192,210.868201596,203.131798404,210.868201596,203.131798404
382,nodule,subset7_17.jpg,5.190273745,5.190273745,429.5951368725,424.4048631275,305.5951368725,300.4048631275
383,nodule,subset7_18.jpg,6.006388591,6.006388591,176.0031942955,169.9968057045,180.0031942955,173.9968057045
384,nodule,subset7_19.jpg,14.86094152,14.86094152,346.43047076,331.56952924,277.43047076,262.56952924
385,nodule,subset7_20.jpg,7.789972805,7.789972805,203.8949864025,196.1050135975,359.8949864025,352.1050135975
386,nodule,subset7_21.jpg,6.844315185,6.844315185,181.4221575925,174.5778424075,270.4221575925,263.5778424075
387,nodule,subset7_22.jpg,4.889664292,4.889664292,157.444832146,152.555167854,143.444832146,138.555167854
388,nodule,subset7_23.jpg,5.244468721,5.244468721,346.6222343605,341.3777656395,399.6222343605,394.3777656395
389,nodule,subset7_24.jpg,10.91366167,10.91366167,163.456830835,152.543169165,322.456830835,311.543169165
390,nodule,subset7_25.jpg,4.443753341,4.443753341,177.2218766705,172.7781233295,378.2218766705,373.7781233295
391,nodule,subset7_26.jpg,5.674730826,5.674730826,394.837365413,389.162634587,277.837365413,272.162634587
392,nodule,subset7_27.jpg,4.297245295,4.297245295,383.1486226475,378.8513773525,224.1486226475,219.8513773525
393,nodule,subset7_28.jpg,5.053693982,5.053693982,44.526846991,39.473153009,223.526846991,218.473153009
394,nodule,subset7_29.jpg,6.134569156,6.134569156,116.067284578,109.932715422,173.067284578,166.932715422
395,nodule,subset7_30.jpg,9.088191083,9.088191083,415.5440955415,406.4559044585,295.5440955415,286.4559044585
396,nodule,subset7_31.jpg,11.04800959,11.04800959,176.524004795,165.475995205,407.524004795,396.475995205
397,nodule,subset7_32.jpg,7.985106486,7.985106486,132.992553243,125.007446757,361.992553243,354.007446757
398,nodule,subset7_33.jpg,8.687060064,8.687060064,312.343530032,303.656469968,179.343530032,170.656469968
399,nodule,subset7_34.jpg,9.930839143,9.930839143,153.9654195715,144.0345804285,216.9654195715,207.0345804285
400,nodule,subset7_35.jpg,22.88079244,22.88079244,205.44039622,182.55960378,301.44039622,278.55960378
401,nodule,subset7_36.jpg,5.519376862,5.519376862,392.759688431,387.240311569,375.759688431,370.240311569
402,nodule,subset7_37.jpg,4.402510304,4.402510304,119.201255152,114.798744848,164.201255152,159.798744848
403,nodule,subset7_38.jpg,9.745258507,9.745258507,128.8726292535,119.1273707465,285.8726292535,276.1273707465
404,nodule,subset7_39.jpg,11.62935127,11.62935127,139.814675635,128.185324365,286.814675635,275.185324365
405,nodule,subset7_40.jpg,7.340286975,7.340286975,78.6701434875,71.3298565125,211.6701434875,204.3298565125
406,nodule,subset7_41.jpg,6.929649846,6.929649846,111.464824923,104.535175077,209.464824923,202.535175077
407,nodule,subset7_42.jpg,9.494854536,9.494854536,189.747427268,180.252572732,342.747427268,333.252572732
408,nodule,subset7_43.jpg,22.23698113,22.23698113,219.118490565,196.881509435,295.118490565,272.881509435
409,nodule,subset7_44.jpg,11.36963426,11.36963426,408.68481713,397.31518287,305.68481713,294.31518287
410,nodule,subset7_45.jpg,4.084248678,4.084248678,387.042124339,382.957875661,278.042124339,273.957875661
411,nodule,subset7_46.jpg,25.41540526,25.41540526,197.70770263,172.29229737,161.70770263,136.29229737
412,nodule,subset7_47.jpg,5.934589046,5.934589046,190.967294523,185.032705477,330.967294523,325.032705477
413,nodule,subset7_48.jpg,11.4077692,11.4077692,391.7038846,380.2961154,301.7038846,290.2961154
414,nodule,subset7_49.jpg,3.968197931,3.968197931,301.9840989655,298.0159010345,261.9840989655,258.0159010345
415,nodule,subset7_50.jpg,5.109990357,5.109990357,166.5549951785,161.4450048215,154.5549951785,149.4450048215
416,nodule,subset7_51.jpg,5.193342015,5.193342015,465.5966710075,460.4033289925,304.5966710075,299.4033289925
417,nodule,subset7_52.jpg,20.38922514,20.38922514,442.19461257,421.80538743,247.19461257,226.80538743
418,nodule,subset7_53.jpg,4.900924695,4.900924695,396.4504623475,391.5495376525,328.4504623475,323.5495376525
419,nodule,subset8_0.jpg,22.13533119,22.13533119,417.067665595,394.932334405,308.067665595,285.932334405
420,nodule,subset8_1.jpg,4.895529998,4.895529998,448.447764999,443.552235001,207.447764999,202.552235001
421,nodule,subset8_2.jpg,23.68811013,23.68811013,156.844055065,133.155944935,277.844055065,254.155944935
422,nodule,subset8_3.jpg,18.38478817,18.38478817,145.192394085,126.807605915,337.192394085,318.807605915
423,nodule,subset8_4.jpg,5.719422603,5.719422603,190.8597113015,185.1402886985,382.8597113015,377.1402886985
424,nodule,subset8_5.jpg,5.834016122,5.834016122,371.917008061,366.082991939,272.917008061,267.082991939
425,nodule,subset8_6.jpg,13.34340431,13.34340431,419.671702155,406.328297845,317.671702155,304.328297845
426,nodule,subset8_7.jpg,6.223836401,6.223836401,194.1119182005,187.8880817995,373.1119182005,366.8880817995
427,nodule,subset8_8.jpg,10.63786384,10.63786384,432.31893192,421.68106808,268.31893192,257.68106808
428,nodule,subset8_9.jpg,11.47644347,11.47644347,292.738221735,281.261778265,339.738221735,328.261778265
429,nodule,subset8_10.jpg,6.009066896,6.009066896,445.004533448,438.995466552,374.004533448,367.995466552
430,nodule,subset8_11.jpg,6.16795392,6.16795392,363.08397696,356.91602304,215.08397696,208.91602304
431,nodule,subset8_12.jpg,21.34312682,21.34312682,427.67156341,406.32843659,313.67156341,292.32843659
432,nodule,subset8_13.jpg,7.880768174,7.880768174,94.940384087,87.059615913,179.940384087,172.059615913
433,nodule,subset8_14.jpg,15.58144665,15.58144665,190.790723325,175.209276675,353.790723325,338.209276675
434,nodule,subset8_15.jpg,5.611908232,5.611908232,83.805954116,78.194045884,363.805954116,358.194045884
435,nodule,subset8_16.jpg,4.793159505,4.793159505,151.3965797525,146.6034202475,145.3965797525,140.6034202475
436,nodule,subset8_17.jpg,24.78201705,24.78201705,184.391008525,159.608991475,338.391008525,313.608991475
437,nodule,subset8_18.jpg,9.854691375,9.854691375,329.9273456875,320.0726543125,211.9273456875,202.0726543125
438,nodule,subset8_19.jpg,5.62818632,5.62818632,65.81409316,60.18590684,260.81409316,255.18590684
439,nodule,subset8_20.jpg,25.87269662,25.87269662,196.93634831,171.06365169,331.93634831,306.06365169
440,nodule,subset8_21.jpg,5.920275846,5.920275846,157.960137923,152.039862077,399.960137923,394.039862077
441,nodule,subset8_22.jpg,22.30485311,22.30485311,423.152426555,400.847573445,252.152426555,229.847573445
442,nodule,subset8_23.jpg,8.361662881,8.361662881,341.1808314405,332.8191685595,322.1808314405,313.8191685595
443,nodule,subset8_24.jpg,20.41212558,20.41212558,373.20606279,352.79393721,344.20606279,323.79393721
444,nodule,subset8_25.jpg,18.02111617,18.02111617,237.010558085,218.989441915,342.010558085,323.989441915
445,nodule,subset8_26.jpg,22.22543938,22.22543938,153.11271969,130.88728031,319.11271969,296.88728031
446,nodule,subset8_27.jpg,14.43967916,14.43967916,132.21983958,117.78016042,379.21983958,364.78016042
447,nodule,subset8_28.jpg,4.911932277,4.911932277,115.4559661385,110.5440338615,238.4559661385,233.5440338615
448,nodule,subset8_29.jpg,17.74608206,17.74608206,427.87304103,410.12695897,205.87304103,188.12695897
449,nodule,subset8_30.jpg,5.898208305,5.898208305,37.9491041525,32.0508958475,251.9491041525,246.0508958475
450,nodule,subset8_31.jpg,14.67752407,14.67752407,175.338762035,160.661237965,368.338762035,353.661237965
451,nodule,subset8_32.jpg,3.530973761,3.530973761,115.7654868805,112.2345131195,245.7654868805,242.2345131195
452,nodule,subset8_33.jpg,13.81977981,13.81977981,351.909889905,338.090110095,314.909889905,301.090110095
453,nodule,subset8_34.jpg,26.83708074,26.83708074,410.41854037,383.58145963,265.41854037,238.58145963
454,nodule,subset8_35.jpg,8.085638726,8.085638726,386.042819363,377.957180637,375.042819363,366.957180637
455,nodule,subset8_36.jpg,5.651470635,5.651470635,47.8257353175,42.1742646825,214.8257353175,209.1742646825
456,nodule,subset8_37.jpg,9.54755631,9.54755631,123.773778155,114.226221845,333.773778155,324.226221845
457,nodule,subset8_38.jpg,14.74449324,14.74449324,294.37224662,279.62775338,173.37224662,158.62775338
458,nodule,subset8_39.jpg,16.77602203,16.77602203,302.388011015,285.611988985,366.388011015,349.611988985
459,nodule,subset8_40.jpg,6.073504253,6.073504253,430.0367521265,423.9632478735,270.0367521265,263.9632478735
460,nodule,subset8_41.jpg,5.569575919,5.569575919,174.7847879595,169.2152120405,159.7847879595,154.2152120405
461,nodule,subset8_42.jpg,15.99235031,15.99235031,368.996175155,353.003824845,371.996175155,356.003824845
462,nodule,subset8_43.jpg,5.320080577,5.320080577,423.6600402885,418.3399597115,297.6600402885,292.3399597115
463,nodule,subset8_44.jpg,9.584711922,9.584711922,184.792355961,175.207644039,354.792355961,345.207644039
464,nodule,subset8_45.jpg,7.805767837,7.805767837,381.9028839185,374.0971160815,177.9028839185,170.0971160815
465,nodule,subset8_46.jpg,5.371554924,5.371554924,447.685777462,442.314222538,273.685777462,268.314222538
466,nodule,subset8_47.jpg,9.233993542,9.233993542,220.616996771,211.383003229,202.616996771,193.383003229
467,nodule,subset8_48.jpg,18.79314938,18.79314938,156.39657469,137.60342531,288.39657469,269.60342531
468,nodule,subset8_49.jpg,12.6270362,12.6270362,173.3135181,160.6864819,173.3135181,160.6864819
469,nodule,subset8_50.jpg,13.0575593,13.0575593,392.52877965,379.47122035,326.52877965,313.47122035
470,nodule,subset8_51.jpg,6.380071404,6.380071404,157.190035702,150.809964298,289.190035702,282.809964298
471,nodule,subset8_52.jpg,16.45094344,16.45094344,175.22547172,158.77452828,352.22547172,335.77452828
472,nodule,subset8_53.jpg,23.80291305,23.80291305,238.901456525,215.098543475,311.901456525,288.098543475
473,nodule,subset8_54.jpg,12.65179825,12.65179825,191.325899125,178.674100875,273.325899125,260.674100875
474,nodule,subset8_55.jpg,7.016006655,7.016006655,181.5080033275,174.4919966725,368.5080033275,361.4919966725
475,nodule,subset8_56.jpg,10.05662598,10.05662598,109.02831299,98.97168701,341.02831299,330.97168701
476,nodule,subset8_57.jpg,4.392206805,4.392206805,97.1961034025,92.8038965975,211.1961034025,206.8038965975
477,nodule,subset8_58.jpg,5.235615798,5.235615798,345.617807899,340.382192101,354.617807899,349.382192101
478,nodule,subset8_59.jpg,16.9453939,16.9453939,372.47269695,355.52730305,318.47269695,301.52730305
479,nodule,subset9_0.jpg,6.409813214,6.409813214,321.204906607,314.795093393,390.204906607,383.795093393
480,nodule,subset9_1.jpg,12.56457376,12.56457376,398.28228688,385.71771312,295.28228688,282.71771312
481,nodule,subset9_2.jpg,12.03514375,12.03514375,115.017571875,102.982428125,200.017571875,187.982428125
482,nodule,subset9_3.jpg,21.08961863,21.08961863,364.544809315,343.455190685,289.544809315,268.455190685
483,nodule,subset9_4.jpg,4.286161529,4.286161529,99.1430807645,94.8569192355,154.1430807645,149.8569192355
484,nodule,subset9_5.jpg,20.15998367,20.15998367,196.079991835,175.920008165,251.079991835,230.920008165
485,nodule,subset9_6.jpg,5.52981148,5.52981148,180.76490574,175.23509426,186.76490574,181.23509426
486,nodule,subset9_7.jpg,4.129168997,4.129168997,103.0645844985,98.9354155015,215.0645844985,210.9354155015
487,nodule,subset9_8.jpg,6.022565899,6.022565899,171.0112829495,164.9887170505,365.0112829495,358.9887170505
488,nodule,subset9_9.jpg,17.15613456,17.15613456,175.57806728,158.42193272,343.57806728,326.42193272
489,nodule,subset9_10.jpg,5.295986982,5.295986982,382.647993491,377.352006509,169.647993491,164.352006509
490,nodule,subset9_11.jpg,24.28186352,24.28186352,191.14093176,166.85906824,278.14093176,253.85906824
491,nodule,subset9_12.jpg,10.7221465,10.7221465,172.36107325,161.63892675,272.36107325,261.63892675
492,nodule,subset9_13.jpg,4.945112775,4.945112775,81.4725563875,76.5274436125,282.4725563875,277.5274436125
493,nodule,subset9_14.jpg,10.60627713,10.60627713,94.303138565,83.696861435,233.303138565,222.696861435
494,nodule,subset9_15.jpg,19.0442187,19.0442187,376.52210935,357.47789065,374.52210935,355.47789065
495,nodule,subset9_16.jpg,3.887997704,3.887997704,293.943998852,290.056001148,351.943998852,348.056001148
496,nodule,subset9_17.jpg,22.03891888,22.03891888,391.01945944,368.98054056,269.01945944,246.98054056
497,nodule,subset9_18.jpg,8.727947616,8.727947616,330.363973808,321.636026192,362.363973808,353.636026192
498,nodule,subset9_19.jpg,23.57156231,23.57156231,165.785781155,142.214218845,366.785781155,343.214218845
499,nodule,subset9_20.jpg,3.832603383,3.832603383,160.9163016915,157.0836983085,166.9163016915,163.0836983085
500,nodule,subset9_21.jpg,5.82215948,5.82215948,121.91107974,116.08892026,286.91107974,281.08892026
501,nodule,subset9_22.jpg,4.991628467,4.991628467,59.4958142335,54.5041857665,287.4958142335,282.5041857665
502,nodule,subset9_23.jpg,7.047024057,7.047024057,313.5235120285,306.4764879715,269.5235120285,262.4764879715
503,nodule,subset9_24.jpg,7.360638607,7.360638607,210.6803193035,203.3196806965,243.6803193035,236.3196806965
504,nodule,subset9_25.jpg,14.16781391,14.16781391,364.083906955,349.916093045,283.083906955,268.916093045
505,nodule,subset9_26.jpg,4.355305398,4.355305398,205.177652699,200.822347301,318.177652699,313.822347301
506,nodule,subset9_27.jpg,9.48489034,9.48489034,-282.25755483,-291.74244517,-214.25755483,-223.74244517
507,nodule,subset9_28.jpg,7.674509542,7.674509542,94.837254771,87.162745229,339.837254771,332.162745229
508,nodule,subset9_29.jpg,16.04323095,16.04323095,410.021615475,393.978384525,297.021615475,280.978384525
509,nodule,subset9_30.jpg,9.061649841,9.061649841,434.5308249205,425.4691750795,156.5308249205,147.4691750795
510,nodule,subset9_31.jpg,6.661399227,6.661399227,21.3306996135,14.6693003865,232.3306996135,225.6693003865
511,nodule,subset9_32.jpg,8.158102396,8.158102396,383.079051198,374.920948802,345.079051198,336.920948802
512,nodule,subset9_33.jpg,5.41336635,5.41336635,116.706683175,111.293316825,251.706683175,246.293316825
513,nodule,subset9_34.jpg,4.084912815,4.084912815,340.0424564075,335.9575435925,362.0424564075,357.9575435925
514,nodule,subset9_35.jpg,5.600330272,5.600330272,181.800165136,176.199834864,434.800165136,429.199834864
515,nodule,subset9_36.jpg,11.06629748,11.06629748,187.53314874,176.46685126,283.53314874,272.46685126
516,nodule,subset9_37.jpg,17.37441249,17.37441249,329.687206245,312.312793755,345.687206245,328.312793755
517,nodule,subset9_38.jpg,12.30437661,12.30437661,119.152188305,106.847811695,302.152188305,289.847811695
518,nodule,subset9_39.jpg,10.16765351,10.16765351,245.083826755,234.916173245,296.083826755,285.916173245
519,nodule,subset9_40.jpg,8.260459929,8.260459929,132.1302299645,123.8697700355,211.1302299645,202.8697700355
520,nodule,subset9_41.jpg,9.697334131,9.697334131,377.8486670655,368.1513329345,284.8486670655,275.1513329345
521,nodule,subset9_42.jpg,7.59997723,7.59997723,136.799988615,129.200011385,390.799988615,383.200011385
522,nodule,subset9_43.jpg,9.104624209,9.104624209,397.5523121045,388.4476878955,291.5523121045,282.4476878955
523,nodule,subset9_44.jpg,6.217909816,6.217909816,170.108954908,163.891045092,210.108954908,203.891045092
524,nodule,subset9_45.jpg,14.79788128,14.79788128,156.39894064,141.60105936,416.39894064,401.60105936
525,nodule,subset9_46.jpg,16.72146339,16.72146339,153.360731695,136.639268305,264.360731695,247.639268305
526,nodule,subset9_47.jpg,15.48070961,15.48070961,422.740354805,407.259645195,188.740354805,173.259645195
527,nodule,subset9_48.jpg,8.196011407,8.196011407,165.0980057035,156.9019942965,176.0980057035,167.9019942965
528,nodule,subset9_49.jpg,13.18081087,13.18081087,162.590405435,149.409594565,337.590405435,324.409594565
529,nodule,subset9_50.jpg,4.997750194,4.997750194,408.498875097,403.501124903,319.498875097,314.501124903
530,nodule,subset9_51.jpg,11.47520609,11.47520609,118.737603045,107.262396955,259.737603045,248.262396955
531,nodule,subset9_52.jpg,12.1674054,12.1674054,373.0837027,360.9162973,331.0837027,318.9162973
532,nodule,subset9_53.jpg,5.562150111,5.562150111,212.7810750555,207.2189249445,393.7810750555,388.2189249445
533,nodule,subset9_54.jpg,21.45372882,21.45372882,377.72686441,356.27313559,360.72686441,339.27313559
534,nodule,subset9_55.jpg,5.118825049,5.118825049,96.5594125245,91.4405874755,178.5594125245,173.4405874755
535,nodule,subset9_56.jpg,4.543071313,4.543071313,422.2715356565,417.7284643435,262.2715356565,257.7284643435
536,nodule,subset9_57.jpg,4.635624615,4.635624615,101.3178123075,96.6821876925,308.3178123075,303.6821876925
537,nodule,subset9_58.jpg,5.32434611,5.32434611,83.662173055,78.337826945,260.662173055,255.337826945
