class,filename,height,width,xmax,xmin,ymax,ymin
nodules,subset0_0.jpg,11.64560862,11.64560862,367.82280431,356.17719569,294.82280431,283.17719569
nodules,subset0_1.jpg,7.310399552000001,7.310399552000001,53.655199776,46.344800224,256.65519977599996,249.344800224
nodules,subset0_2.jpg,10.83118822,10.83118822,396.41559411,385.58440589,265.41559411,254.58440589000003
nodules,subset0_3.jpg,7.244054524,7.244054524,111.622027262,104.377972738,236.62202726200002,229.37797273799998
nodules,subset0_4.jpg,8.368487089,8.368487089,102.1842435445,93.8157564555,305.1842435445,296.8157564555
nodules,subset0_5.jpg,9.25825997,9.25825997,130.629129985,121.370870015,228.629129985,219.370870015
nodules,subset0_6.jpg,17.69382414,17.69382414,71.84691207,54.15308793,307.84691207,290.15308793
nodules,subset0_7.jpg,5.965579845,5.965579845,66.9827899225,61.0172100775,294.9827899225,289.0172100775
nodules,subset0_8.jpg,13.96263215,13.96263215,274.981316075,261.018683925,141.981316075,128.018683925
nodules,subset0_9.jpg,6.246461342999999,6.246461342999999,243.1232306715,236.8767693285,236.1232306715,229.8767693285
nodules,subset0_10.jpg,5.060034849,5.060034849,357.5300174245,352.4699825755,272.5300174245,267.4699825755
nodules,subset0_11.jpg,21.58311204,21.58311204,350.79155602,329.20844398,280.79155602,259.20844398
nodules,subset0_12.jpg,5.063233243,5.063233243,389.5316166215,384.4683833785,298.5316166215,293.4683833785
nodules,subset0_13.jpg,9.253917448,9.253917448,262.626958724,253.37304127599998,283.626958724,274.373041276
nodules,subset0_14.jpg,10.06186005,10.06186005,124.030930025,113.969069975,171.030930025,160.969069975
nodules,subset0_15.jpg,6.21739005,6.21739005,36.108695025,29.891304975,127.108695025,120.891304975
nodules,subset0_16.jpg,7.98502287,7.98502287,127.992511435,120.007488565,133.992511435,126.007488565
nodules,subset0_17.jpg,6.800248866,6.800248866,70.400124433,63.599875567,307.400124433,300.599875567
nodules,subset0_18.jpg,12.02215382,12.02215382,150.01107691,137.98892309,311.01107691,298.98892309
nodules,subset0_19.jpg,5.88395182,5.88395182,264.94197591,259.05802409,288.94197591,283.05802409
nodules,subset0_20.jpg,8.364989395,8.364989395,172.1824946975,163.8175053025,293.1824946975,284.8175053025
nodules,subset0_21.jpg,17.52596027,17.52596027,273.762980135,256.237019865,212.762980135,195.237019865
nodules,subset0_22.jpg,13.84883567,13.84883567,363.924417835,350.075582165,244.924417835,231.075582165
nodules,subset0_23.jpg,6.731878569,6.731878569,64.3659392845,57.6340607155,237.3659392845,230.63406071550003
nodules,subset0_24.jpg,6.440878725,6.440878725,63.2204393625,56.7795606375,300.2204393625,293.7795606375
nodules,subset0_25.jpg,14.62904955,14.62904955,318.314524775,303.685475225,196.314524775,181.685475225
nodules,subset0_26.jpg,6.614419285,6.614419285,91.3072096425,84.6927903575,309.3072096425,302.6927903575
nodules,subset0_27.jpg,6.720277435,6.720277435,319.3601387175,312.6398612825,217.3601387175,210.6398612825
nodules,subset0_28.jpg,3.93841182,3.93841182,55.96920591,52.03079409,190.96920591,187.03079409
nodules,subset0_29.jpg,9.443896197,9.443896197,82.72194809850001,73.27805190149999,131.7219480985,122.27805190149999
nodules,subset0_30.jpg,13.59647134,13.59647134,382.79823567,369.20176433,242.79823567,229.20176433
nodules,subset0_31.jpg,5.028864971,5.028864971,238.51443248549998,233.48556751450002,254.51443248549998,249.48556751450002
nodules,subset0_32.jpg,7.903510371,7.903510371,407.9517551855,400.0482448145,296.9517551855,289.0482448145
nodules,subset0_33.jpg,17.75323185,17.75323185,344.876615925,327.123384075,174.876615925,157.123384075
nodules,subset0_34.jpg,6.259551508,6.259551508,65.129775754,58.87022424600001,316.12977575400004,309.87022424599996
nodules,subset0_35.jpg,8.103288228,8.103288228,92.051644114,83.948355886,267.051644114,258.948355886
nodules,subset0_36.jpg,8.091312581,8.091312581,85.0456562905,76.9543437095,242.0456562905,233.9543437095
nodules,subset0_37.jpg,12.68580657,12.68580657,309.342903285,296.657096715,242.342903285,229.657096715
nodules,subset0_38.jpg,13.14006008,13.14006008,76.57003004,63.42996996,244.57003004,231.42996996
nodules,subset0_39.jpg,18.7832325,18.7832325,117.39161625,98.60838375,193.39161625,174.60838375
nodules,subset0_40.jpg,10.4626083,10.4626083,278.23130415,267.76869585,337.23130415,326.76869585
nodules,subset0_41.jpg,11.48732767,11.48732767,102.743663835,91.256336165,262.743663835,251.256336165
nodules,subset0_42.jpg,3.900928245,3.900928245,66.9504641225,63.04953587750001,283.9504641225,280.0495358775
nodules,subset0_43.jpg,10.93827513,10.93827513,142.469137565,131.530862435,284.469137565,273.530862435
nodules,subset0_44.jpg,8.982986958,8.982986958,311.49149347900004,302.50850652099996,276.49149347900004,267.50850652099996
nodules,subset0_45.jpg,11.17547004,11.17547004,293.58773502,282.41226498,245.58773502000003,234.41226498
nodules,subset0_46.jpg,5.654138497999999,5.654138497999999,84.82706924899999,79.17293075100001,178.827069249,173.172930751
nodules,subset0_47.jpg,8.621579517,8.621579517,50.31078975849999,41.68921024150001,158.3107897585,149.6892102415
nodules,subset0_48.jpg,7.165672419,7.165672419,89.58283620949999,82.41716379050001,244.58283620950002,237.41716379049998
nodules,subset0_49.jpg,17.336249600000002,17.336249600000002,136.66812480000002,119.3318752,332.6681248,315.3318752
nodules,subset0_50.jpg,5.05940652,5.05940652,341.52970326,336.47029674,222.52970326,217.47029674
nodules,subset0_51.jpg,15.48525426,15.48525426,141.74262713,126.25737287,200.74262713,185.25737287
nodules,subset0_52.jpg,4.6781300130000005,4.6781300130000005,129.3390650065,124.6609349935,82.3390650065,77.6609349935
nodules,subset0_53.jpg,25.23320204,25.23320204,307.61660102,282.38339898,346.61660102,321.38339898
nodules,subset0_54.jpg,5.070932612,5.070932612,110.535466306,105.464533694,283.535466306,278.464533694
nodules,subset0_55.jpg,6.275342115,6.275342115,344.1376710575,337.8623289425,196.1376710575,189.8623289425
nodules,subset0_56.jpg,19.65387738,19.65387738,300.82693869,281.17306131,287.82693869,268.17306131
nodules,subset0_57.jpg,8.208342207000001,8.208342207000001,141.1041711035,132.8958288965,315.1041711035,306.8958288965
nodules,subset0_58.jpg,5.105120807,5.105120807,161.5525604035,156.4474395965,202.5525604035,197.4474395965
nodules,subset0_59.jpg,6.921521942999999,6.921521942999999,12.460760971500001,5.539239028499999,271.4607609715,264.5392390285
nodules,subset0_60.jpg,6.005399015,6.005399015,405.0026995075,398.9973004925,152.0026995075,145.9973004925
nodules,subset0_61.jpg,5.253525386000001,5.253525386000001,11.626762693000007,6.373237306999997,246.626762693,241.373237307
nodules,subset0_62.jpg,12.57054118,12.57054118,86.28527059000002,73.71472941,312.28527059,299.71472941
nodules,subset0_63.jpg,6.378436317,6.378436317,410.1892181585,403.8107818415,182.18921815849998,175.81078184150002
nodules,subset0_64.jpg,4.681381581,4.681381581,379.34069079050005,374.65930920949995,303.3406907905,298.6593092095
nodules,subset0_65.jpg,11.10051888,11.10051888,96.55025944,85.44974056000002,291.55025944,280.44974056
nodules,subset0_66.jpg,7.0005239060000015,7.0005239060000015,90.50026195299999,83.499738047,302.500261953,295.499738047
nodules,subset1_0.jpg,8.328291294,8.328291294,257.164145647,248.835854353,303.164145647,294.835854353
nodules,subset1_1.jpg,7.141617843,7.141617843,141.5708089215,134.4291910785,161.5708089215,154.4291910785
nodules,subset1_2.jpg,23.35064438,23.35064438,277.67532219,254.32467781000003,328.67532219,305.32467781
nodules,subset1_3.jpg,4.703046282,4.703046282,313.351523141,308.648476859,161.351523141,156.648476859
nodules,subset1_4.jpg,13.02514237,13.02514237,123.512571185,110.487428815,297.512571185,284.487428815
nodules,subset1_5.jpg,9.587295623,9.587295623,181.79364781150002,172.20635218849998,109.7936478115,100.2063521885
nodules,subset1_6.jpg,15.12543067,15.12543067,308.562715335,293.437284665,194.562715335,179.437284665
nodules,subset1_7.jpg,7.88580587,7.88580587,27.94290293500001,20.057097064999994,238.942902935,231.057097065
nodules,subset1_8.jpg,6.853098387999999,6.853098387999999,134.426549194,127.573450806,272.426549194,265.573450806
nodules,subset1_9.jpg,12.6058106,12.6058106,52.302905300000006,39.6970947,315.3029053,302.6970947
nodules,subset1_10.jpg,6.330288195,6.330288195,152.1651440975,145.8348559025,237.1651440975,230.8348559025
nodules,subset1_11.jpg,17.39699158,17.39699158,68.69849579,51.30150421,212.69849579,195.30150421
nodules,subset1_12.jpg,3.951407423,3.951407423,349.9757037115,346.0242962885,97.9757037115,94.0242962885
nodules,subset1_13.jpg,7.747145031,7.747145031,307.8735725155,300.1264274845,364.87357251550003,357.12642748449997
nodules,subset1_14.jpg,6.940547015,6.940547015,337.4702735075,330.5297264925,332.4702735075,325.5297264925
nodules,subset1_15.jpg,6.8962075610000015,6.8962075610000015,104.44810378049999,97.55189621950001,213.4481037805,206.5518962195
nodules,subset1_16.jpg,3.986088287,3.986088287,19.9930441435,16.0069558565,264.99304414349996,261.00695585650004
nodules,subset1_17.jpg,21.47561299,21.47561299,258.737806495,237.26219350500003,251.737806495,230.26219350500003
nodules,subset1_18.jpg,9.326384982999999,9.326384982999999,120.6631924915,111.3368075085,262.6631924915,253.3368075085
nodules,subset1_19.jpg,6.044864617000001,6.044864617000001,53.0224323085,46.9775676915,340.02243230849996,333.97756769150004
nodules,subset1_20.jpg,15.39279188,15.39279188,96.69639594,81.30360406,264.69639594,249.30360406
nodules,subset1_21.jpg,14.31390685,14.31390685,138.156953425,123.843046575,187.156953425,172.843046575
nodules,subset1_22.jpg,15.27003429,15.27003429,270.635017145,255.364982855,286.635017145,271.364982855
nodules,subset1_23.jpg,6.367212147,6.367212147,58.1836060735,51.8163939265,305.18360607349996,298.81639392650004
nodules,subset1_24.jpg,4.213062603,4.213062603,139.10653130149998,134.89346869850002,168.10653130149998,163.89346869850002
nodules,subset1_25.jpg,3.8850462,3.8850462,32.9425231,29.0574769,247.9425231,244.0574769
nodules,subset1_26.jpg,32.27003025,32.27003025,307.135015125,274.864984875,326.135015125,293.864984875
nodules,subset1_27.jpg,8.501262355,8.501262355,324.2506311775,315.7493688225,325.2506311775,316.7493688225
nodules,subset1_28.jpg,17.232079199999998,17.232079199999998,-394.3839604,-411.6160396,-244.38396040000003,-261.61603959999997
nodules,subset1_29.jpg,7.9202838,7.9202838,358.9601419,351.0398581,244.96014190000002,237.03985809999998
nodules,subset1_30.jpg,4.775243237,4.775243237,361.38762161849996,356.61237838150004,110.3876216185,105.6123783815
nodules,subset1_31.jpg,6.943515582000001,6.943515582000001,275.47175779099996,268.52824220900004,370.47175779099996,363.52824220900004
nodules,subset1_32.jpg,6.179309944,6.179309944,101.089654972,94.910345028,121.089654972,114.910345028
nodules,subset1_33.jpg,6.672413036,6.672413036,354.33620651800004,347.66379348199996,315.336206518,308.663793482
nodules,subset1_34.jpg,4.991565057,4.991565057,9.4957825285,4.504217471499999,168.4957825285,163.5042174715
nodules,subset1_35.jpg,8.269325422,8.269325422,65.134662711,56.865337288999996,168.134662711,159.865337289
nodules,subset1_36.jpg,7.035809202,7.035809202,304.517904601,297.482095399,174.517904601,167.482095399
nodules,subset1_37.jpg,13.69356578,13.69356578,98.84678289,85.15321711000001,247.84678289,234.15321711
nodules,subset1_38.jpg,10.52433762,10.52433762,382.26216881,371.73783119,268.26216881,257.73783119
nodules,subset1_39.jpg,10.46585391,10.46585391,73.232926955,62.767073045,214.232926955,203.767073045
nodules,subset1_40.jpg,14.88143912,14.88143912,319.44071956,304.55928044,261.44071956,246.55928044
nodules,subset1_41.jpg,8.735774017999999,8.735774017999999,340.367887009,331.632112991,167.367887009,158.632112991
nodules,subset1_42.jpg,9.407091622000001,9.407091622000001,124.703545811,115.296454189,309.70354581099997,300.29645418900003
nodules,subset1_43.jpg,20.88367551,20.88367551,149.441837755,128.558162245,394.441837755,373.558162245
nodules,subset1_44.jpg,17.41146394,17.41146394,333.70573197,316.29426803,206.70573197,189.29426803
nodules,subset1_45.jpg,21.67749437,21.67749437,383.838747185,362.161252815,199.838747185,178.161252815
nodules,subset1_46.jpg,8.875835636,8.875835636,311.437917818,302.562082182,236.437917818,227.562082182
nodules,subset1_47.jpg,7.7484546939999985,7.7484546939999985,406.874227347,399.125772653,226.87422734700002,219.12577265299998
nodules,subset1_48.jpg,18.50978255,18.50978255,-401.745108725,-420.254891275,-205.745108725,-224.254891275
nodules,subset1_49.jpg,11.08601237,11.08601237,154.543006185,143.456993815,316.543006185,305.456993815
nodules,subset1_50.jpg,4.812692889,4.812692889,303.4063464445,298.5936535555,187.4063464445,182.5936535555
nodules,subset1_51.jpg,20.11629595,20.11629595,151.058147975,130.941852025,226.058147975,205.941852025
nodules,subset1_52.jpg,7.401764599,7.401764599,409.7008822995,402.2991177005,136.7008822995,129.2991177005
nodules,subset1_53.jpg,6.605182062000001,6.605182062000001,53.302591031000006,46.697408968999994,129.302591031,122.697408969
nodules,subset1_54.jpg,5.937590395,5.937590395,262.9687951975,257.0312048025,171.9687951975,166.0312048025
nodules,subset1_55.jpg,8.488955168,8.488955168,160.244477584,151.755522416,104.244477584,95.755522416
nodules,subset1_56.jpg,6.529558333,6.529558333,104.26477916649999,97.73522083350001,382.26477916650003,375.73522083349997
nodules,subset1_57.jpg,4.866308788,4.866308788,275.43315439400004,270.56684560599996,235.433154394,230.566845606
nodules,subset1_58.jpg,3.841244999,3.841244999,57.9206224995,54.0793775005,295.9206224995,292.0793775005
nodules,subset1_59.jpg,5.194045747,5.194045747,41.5970228735,36.402977126500005,264.5970228735,259.4029771265
nodules,subset1_60.jpg,5.916173884,5.916173884,265.958086942,260.041913058,289.958086942,284.041913058
nodules,subset2_0.jpg,4.510288907,4.510288907,92.25514445350001,87.74485554649998,198.25514445349998,193.74485554650002
nodules,subset2_1.jpg,6.856554178,6.856554178,92.42827708899999,85.57172291100001,112.42827708899999,105.57172291100001
nodules,subset2_2.jpg,7.636326684,7.636326684,37.818163342000005,30.181836657999998,317.818163342,310.181836658
nodules,subset2_3.jpg,14.91474445,14.91474445,-232.542627775,-247.457372225,-235.542627775,-250.457372225
nodules,subset2_4.jpg,10.02702167,10.02702167,92.013510835,81.986489165,294.013510835,283.986489165
nodules,subset2_5.jpg,8.101613433999999,8.101613433999999,394.05080671699994,385.94919328300006,160.050806717,151.949193283
nodules,subset2_6.jpg,19.57555466,19.57555466,302.78777733,283.21222267,307.78777733,288.21222267
nodules,subset2_7.jpg,5.838910273,5.838910273,306.9194551365,301.0805448635,348.9194551365,343.0805448635
nodules,subset2_8.jpg,6.548067679,6.548067679,282.2740338395,275.7259661605,361.27403383949996,354.72596616050004
nodules,subset2_9.jpg,5.739194256,5.739194256,138.86959712799998,133.13040287200002,361.869597128,356.130402872
nodules,subset2_10.jpg,21.08245746,21.08245746,360.54122873,339.45877127,305.54122873,284.45877127
nodules,subset2_11.jpg,5.901320414,5.901320414,65.950660207,60.049339793,71.950660207,66.049339793
nodules,subset2_12.jpg,14.19833109,14.19833109,83.099165545,68.900834455,275.099165545,260.900834455
nodules,subset2_13.jpg,14.95279904,14.95279904,305.47639952,290.52360048,272.47639952,257.52360048
nodules,subset2_14.jpg,9.772734741,9.772734741,147.88636737049998,138.11363262950002,372.8863673705,363.1136326295
nodules,subset2_15.jpg,13.65181798,13.65181798,135.82590899,122.17409101,318.82590899,305.17409101
nodules,subset2_16.jpg,4.872378109,4.872378109,64.4361890545,59.5638109455,289.4361890545,284.5638109455
nodules,subset2_17.jpg,11.60251126,11.60251126,324.80125563,313.19874437,268.80125563,257.19874437
nodules,subset2_18.jpg,6.3759769460000015,6.3759769460000015,410.187988473,403.812011527,221.187988473,214.812011527
nodules,subset2_19.jpg,7.234065071,7.234065071,158.6170325355,151.3829674645,306.6170325355,299.3829674645
nodules,subset2_20.jpg,27.44242293,27.44242293,-367.278788535,-394.721211465,-228.278788535,-255.721211465
nodules,subset2_21.jpg,8.128059459,8.128059459,102.0640297295,93.9359702705,233.06402972950002,224.93597027049998
nodules,subset2_22.jpg,15.67293211,15.67293211,52.836466055,37.163533945,210.836466055,195.163533945
nodules,subset2_23.jpg,4.887779405,4.887779405,386.4438897025,381.5561102975,205.4438897025,200.5561102975
nodules,subset2_24.jpg,21.25611171,21.25611171,126.628055855,105.371944145,173.628055855,152.371944145
nodules,subset2_25.jpg,17.15800497,17.15800497,174.579002485,157.420997515,167.579002485,150.420997515
nodules,subset2_26.jpg,6.313681857000001,6.313681857000001,102.1568409285,95.8431590715,338.1568409285,331.8431590715
nodules,subset2_27.jpg,6.587261619,6.587261619,-4.706369190499999,-11.293630809500003,218.2936308095,211.70636919050003
nodules,subset2_28.jpg,6.45617819,6.45617819,314.228089095,307.771910905,222.228089095,215.77191090500003
nodules,subset2_29.jpg,5.686317217999999,5.686317217999999,379.843158609,374.156841391,269.843158609,264.156841391
nodules,subset2_30.jpg,23.93362973,23.93362973,81.966814865,58.033185135,155.966814865,132.033185135
nodules,subset2_31.jpg,22.77961842,22.77961842,382.38980921,359.61019079,252.38980921,229.61019079
nodules,subset2_32.jpg,6.232717756,6.232717756,138.116358878,131.883641122,304.11635887799997,297.88364112200003
nodules,subset2_33.jpg,16.18466141,16.18466141,-133.907669295,-150.092330705,-217.907669295,-234.092330705
nodules,subset2_34.jpg,11.4755235,11.4755235,73.73776175,62.26223825,182.73776175,171.26223825
nodules,subset2_35.jpg,15.997619699999998,15.997619699999998,277.99880985,262.00119015,291.99880985,276.00119015
nodules,subset2_36.jpg,13.73620925,13.73620925,297.868104625,284.131895375,232.868104625,219.131895375
nodules,subset2_37.jpg,19.91668687,19.91668687,171.958343435,152.041656565,279.958343435,260.041656565
nodules,subset2_38.jpg,7.966642162999999,7.966642162999999,93.9833210815,86.01667891849999,154.9833210815,147.0166789185
nodules,subset2_39.jpg,7.664341312,7.664341312,288.83217065599996,281.16782934400004,388.83217065599996,381.16782934400004
nodules,subset2_40.jpg,18.54514997,18.54514997,179.272574985,160.727425015,252.272574985,233.727425015
nodules,subset2_41.jpg,10.72670328,10.72670328,186.36335164,175.63664836,277.36335164,266.63664836
nodules,subset2_42.jpg,11.47132343,11.47132343,112.735661715,101.264338285,159.735661715,148.264338285
nodules,subset2_43.jpg,6.704958329,6.704958329,130.3524791645,123.64752083549999,257.3524791645,250.6475208355
nodules,subset2_44.jpg,6.145856048,6.145856048,356.072928024,349.927071976,253.07292802400002,246.92707197599998
nodules,subset2_45.jpg,9.002203924,9.002203924,306.501101962,297.498898038,311.501101962,302.498898038
nodules,subset2_46.jpg,11.80179732,11.80179732,134.90089866,123.09910134,325.90089866,314.09910134
nodules,subset2_47.jpg,4.512190166,4.512190166,52.25609508300001,47.743904916999995,231.256095083,226.743904917
nodules,subset2_48.jpg,5.842982096,5.842982096,165.92149104799998,160.07850895200002,234.92149104799998,229.07850895200002
nodules,subset2_49.jpg,21.57854728,21.57854728,104.78927364,83.21072636,123.78927364,102.21072636
nodules,subset2_50.jpg,11.8061039,11.8061039,67.90305195,56.09694805,262.90305195,251.09694805
nodules,subset2_51.jpg,3.885893197,3.885893197,387.9429465985,384.0570534015,189.9429465985,186.0570534015
nodules,subset2_52.jpg,11.73040225,11.73040225,154.865201125,143.134798875,286.865201125,275.134798875
nodules,subset2_53.jpg,5.8506667210000005,5.8506667210000005,375.9253333605,370.0746666395,316.9253333605,311.0746666395
nodules,subset2_54.jpg,7.35278351,7.35278351,62.676391755,55.323608245,147.676391755,140.323608245
nodules,subset2_55.jpg,5.19625288,5.19625288,91.59812644,86.40187356000001,284.59812644,279.40187356
nodules,subset3_0.jpg,4.375706691,4.375706691,361.1878533455,356.8121466545,202.1878533455,197.8121466545
nodules,subset3_1.jpg,6.545987665,6.545987665,158.2729938325,151.7270061675,347.2729938325,340.7270061675
nodules,subset3_2.jpg,14.15074869,14.15074869,60.075374345,45.924625655,227.075374345,212.924625655
nodules,subset3_3.jpg,15.6929733,15.6929733,316.84648665,301.15351335,251.84648665,236.15351335000003
nodules,subset3_4.jpg,16.2317489,16.2317489,108.11587445,91.88412555,264.11587445,247.88412555
nodules,subset3_5.jpg,13.20481203,13.20481203,292.602406015,279.397593985,358.602406015,345.397593985
nodules,subset3_6.jpg,27.07544345,27.07544345,72.537721725,45.462278275,275.537721725,248.462278275
nodules,subset3_7.jpg,16.97755709,16.97755709,116.488778545,99.511221455,267.488778545,250.511221455
nodules,subset3_8.jpg,5.433793389,5.433793389,116.71689669450001,111.28310330549999,324.7168966945,319.2831033055
nodules,subset3_9.jpg,10.37870953,10.37870953,-391.810645235,-402.189354765,-205.810645235,-216.189354765
nodules,subset3_10.jpg,21.87973183,21.87973183,76.939865915,55.060134085,282.939865915,261.060134085
nodules,subset3_11.jpg,6.281626529,6.281626529,164.1408132645,157.8591867355,359.14081326449997,352.85918673550003
nodules,subset3_12.jpg,10.36232088,10.36232088,309.18116044,298.81883956,244.18116044,233.81883956
nodules,subset3_13.jpg,4.1145974160000005,4.1145974160000005,29.057298708,24.942701292,325.057298708,320.942701292
nodules,subset3_14.jpg,17.60680854,17.60680854,170.80340427,153.19659573,162.80340427,145.19659573
nodules,subset3_15.jpg,5.4632681110000005,5.4632681110000005,318.73163405549997,313.26836594450003,102.7316340555,97.2683659445
nodules,subset3_16.jpg,5.498575682,5.498575682,127.749287841,122.250712159,110.749287841,105.250712159
nodules,subset3_17.jpg,9.82174492,9.82174492,83.91087246000002,74.08912753999998,193.91087246,184.08912754
nodules,subset3_18.jpg,7.370224529,7.370224529,73.68511226449999,66.31488773550001,238.68511226450002,231.31488773549998
nodules,subset3_19.jpg,4.521001895,4.521001895,109.2605009475,104.7394990525,209.2605009475,204.7394990525
nodules,subset3_20.jpg,17.15288922,17.15288922,328.57644461,311.42355539,319.57644461,302.42355539
nodules,subset3_21.jpg,8.10334672,8.10334672,349.05167336,340.94832664,225.05167336,216.94832664
nodules,subset3_22.jpg,23.48374545,23.48374545,-372.258127275,-395.741872725,-245.258127275,-268.741872725
nodules,subset3_23.jpg,4.97609166,4.97609166,31.488045830000004,26.51195417,159.48804583,154.51195417
nodules,subset3_24.jpg,11.05222629,11.05222629,62.526113145,51.473886855,188.526113145,177.473886855
nodules,subset3_25.jpg,18.67552564,18.67552564,77.33776282,58.66223718000001,328.33776282,309.66223718
nodules,subset3_26.jpg,4.502295592,4.502295592,59.251147796000005,54.748852203999995,303.251147796,298.748852204
nodules,subset3_27.jpg,6.6186301610000005,6.6186301610000005,15.3093150805,8.6906849195,259.30931508049997,252.6906849195
nodules,subset3_28.jpg,13.64151987,13.64151987,129.820759935,116.179240065,147.820759935,134.179240065
nodules,subset3_29.jpg,4.968821175,4.968821175,311.4844105875,306.5155894125,277.4844105875,272.5155894125
nodules,subset3_30.jpg,12.16970693,12.16970693,185.084853465,172.915146535,141.084853465,128.915146535
nodules,subset3_31.jpg,3.975397996,3.975397996,133.98769899799998,130.01230100200002,80.98769899800001,77.012301002
nodules,subset3_32.jpg,6.373118452999999,6.373118452999999,95.1865592265,88.81344077349999,253.1865592265,246.8134407735
nodules,subset3_33.jpg,7.734742324,7.734742324,87.86737116200001,80.13262883799999,290.867371162,283.132628838
nodules,subset3_34.jpg,6.906358752999999,6.906358752999999,298.45317937650003,291.54682062349997,269.45317937650003,262.54682062349997
nodules,subset3_35.jpg,22.13322034,22.13322034,274.06661017,251.93338983,130.06661017,107.93338983
nodules,subset3_36.jpg,9.562175963,9.562175963,249.7810879815,240.2189120185,348.78108798150004,339.21891201849996
nodules,subset3_37.jpg,5.279110868,5.279110868,65.639555434,60.360444566000005,289.639555434,284.360444566
nodules,subset3_38.jpg,5.866256958999998,5.866256958999998,350.93312847949994,345.06687152050006,246.9331284795,241.0668715205
nodules,subset3_39.jpg,4.779476584,4.779476584,16.389738292000004,11.610261708000007,283.389738292,278.610261708
nodules,subset3_40.jpg,21.82795321,21.82795321,-418.086023395,-439.913976605,-263.086023395,-284.913976605
nodules,subset3_41.jpg,7.744221727999999,7.744221727999999,99.87211086399999,92.12788913600001,31.87211086400001,24.127889135999993
nodules,subset3_42.jpg,8.766657397000001,8.766657397000001,141.3833286985,132.6166713015,287.3833286985,278.6166713015
nodules,subset3_43.jpg,7.16854239,7.16854239,204.584271195,197.415728805,263.584271195,256.415728805
nodules,subset3_44.jpg,12.06823325,12.06823325,119.034116625,106.965883375,265.034116625,252.965883375
nodules,subset3_45.jpg,16.10237553,16.10237553,355.051187765,338.948812235,219.051187765,202.948812235
nodules,subset3_46.jpg,15.71097733,15.71097733,169.855488665,154.144511335,277.855488665,262.144511335
nodules,subset3_47.jpg,8.315884851,8.315884851,95.1579424255,86.84205757449999,266.1579424255,257.8420575745
nodules,subset3_48.jpg,9.566936036,9.566936036,364.783468018,355.216531982,197.78346801799998,188.21653198200002
nodules,subset3_49.jpg,13.16123654,13.16123654,16.580618270000002,3.4193817299999982,246.58061827,233.41938173
nodules,subset3_50.jpg,17.98864725,17.98864725,166.994323625,149.005676375,184.994323625,167.005676375
nodules,subset3_51.jpg,5.925757611,5.925757611,279.9628788055,274.0371211945,318.9628788055,313.0371211945
nodules,subset3_52.jpg,9.991058045,9.991058045,172.9955290225,163.0044709775,326.9955290225,317.0044709775
nodules,subset3_53.jpg,5.982909574,5.982909574,92.99145478700001,87.00854521299999,303.991454787,298.008545213
nodules,subset3_54.jpg,22.78152704,22.78152704,278.39076352,255.60923648,196.39076352,173.60923648
nodules,subset3_55.jpg,5.285669845,5.285669845,64.6428349225,59.3571650775,320.6428349225,315.3571650775
nodules,subset3_56.jpg,5.509268361,5.509268361,317.7546341805,312.2453658195,297.7546341805,292.2453658195
nodules,subset3_57.jpg,12.55350151,12.55350151,156.276750755,143.723249245,298.276750755,285.723249245
nodules,subset3_58.jpg,7.0656578020000005,7.0656578020000005,92.532828901,85.46717109900001,117.532828901,110.467171099
nodules,subset3_59.jpg,4.560710413,4.560710413,94.28035520649999,89.71964479350002,275.2803552065,270.7196447935
nodules,subset3_60.jpg,5.217135106000001,5.217135106000001,73.608567553,68.391432447,297.608567553,292.391432447
nodules,subset3_61.jpg,8.842809348,8.842809348,-150.578595326,-159.421404674,-304.57859532599997,-313.42140467400003
nodules,subset3_62.jpg,9.642120967,9.642120967,328.8210604835,319.1789395165,233.8210604835,224.1789395165
nodules,subset3_63.jpg,6.250647306,6.250647306,152.12532365299998,145.87467634700002,289.125323653,282.874676347
nodules,subset3_64.jpg,8.117918353,8.117918353,299.0589591765,290.9410408235,331.0589591765,322.9410408235
nodules,subset4_0.jpg,5.834911249,5.834911249,43.917455624499986,38.08254437550001,209.9174556245,204.0825443755
nodules,subset4_1.jpg,7.3033558,7.3033558,285.6516779,278.3483221,166.6516779,159.3483221
nodules,subset4_2.jpg,6.049591287,6.049591287,421.0247956435,414.9752043565,193.02479564349997,186.97520435650003
nodules,subset4_3.jpg,9.286445444,9.286445444,382.64322272199996,373.35677727800004,234.64322272200002,225.35677727799998
nodules,subset4_4.jpg,20.91111634,20.91111634,356.45555817,335.54444183,185.45555817,164.54444183
nodules,subset4_5.jpg,18.82522399,18.82522399,375.412611995,356.587388005,232.412611995,213.587388005
nodules,subset4_6.jpg,6.000997888,6.000997888,82.00049894399999,75.999501056,94.000498944,87.99950105600003
nodules,subset4_7.jpg,6.506928243,6.506928243,442.25346412150003,435.74653587849997,233.2534641215,226.74653587850003
nodules,subset4_8.jpg,6.405074711,6.405074711,346.20253735550006,339.7974626445,255.2025373555,248.7974626445
nodules,subset4_9.jpg,16.59533492,16.59533492,353.29766746,336.70233254,152.29766746,135.70233254
nodules,subset4_10.jpg,10.26078692,10.26078692,336.13039346,325.86960654,224.13039346,213.86960654
nodules,subset4_11.jpg,10.82451529,10.82451529,291.412257645,280.587742355,322.412257645,311.587742355
nodules,subset4_12.jpg,19.310152,19.310152,170.655076,151.344924,294.65507599999995,275.34492400000005
nodules,subset4_13.jpg,7.068103093,7.068103093,9.534051546500002,2.4659484534999976,248.53405154650002,241.46594845349998
nodules,subset4_14.jpg,5.738267951,5.738267951,36.869133975500006,31.130866024499998,179.8691339755,174.1308660245
nodules,subset4_15.jpg,4.450273187,4.450273187,380.2251365935,375.7748634065,220.2251365935,215.7748634065
nodules,subset4_16.jpg,7.53039924,7.53039924,125.76519962,118.23480038,116.76519962,109.23480038
nodules,subset4_17.jpg,8.566001555,8.566001555,322.2830007775,313.7169992225,265.2830007775,256.7169992225
nodules,subset4_18.jpg,6.4189723260000005,6.4189723260000005,348.209486163,341.790513837,299.209486163,292.790513837
nodules,subset4_19.jpg,5.235946908,5.235946908,367.61797345400004,362.38202654599996,249.617973454,244.382026546
nodules,subset4_20.jpg,6.908606934,6.908606934,70.454303467,63.545696533000005,105.454303467,98.545696533
nodules,subset4_21.jpg,7.28852581,7.28852581,123.644262905,116.355737095,359.644262905,352.355737095
nodules,subset4_22.jpg,24.77327957,24.77327957,329.386639785,304.613360215,190.386639785,165.613360215
nodules,subset4_23.jpg,19.84919656,19.84919656,267.92459828,248.07540172,183.92459828,164.07540172
nodules,subset4_24.jpg,7.850328152,7.850328152,118.925164076,111.074835924,262.925164076,255.074835924
nodules,subset4_25.jpg,6.821386617000001,6.821386617000001,80.41069330849999,73.5893066915,295.41069330849996,288.58930669150004
nodules,subset4_26.jpg,4.6538580210000005,4.6538580210000005,332.3269290105,327.6730709895,311.3269290105,306.6730709895
nodules,subset4_27.jpg,8.648009287,8.648009287,87.32400464349999,78.67599535650001,381.32400464349996,372.67599535650004
nodules,subset4_28.jpg,5.6943041710000015,5.6943041710000015,118.8471520855,113.1528479145,248.8471520855,243.1528479145
nodules,subset4_29.jpg,5.992452195,5.992452195,181.9962260975,176.0037739025,215.99622609750003,210.0037739025
nodules,subset4_30.jpg,18.15623418,18.15623418,277.07811709,258.92188291,311.07811709,292.92188291
nodules,subset4_31.jpg,12.73358119,12.73358119,349.366790595,336.633209405,289.366790595,276.633209405
nodules,subset4_32.jpg,8.604619037,8.604619037,79.30230951850001,70.69769048149999,227.30230951849998,218.69769048150002
nodules,subset4_33.jpg,6.773419875,6.773419875,94.3867099375,87.6132900625,263.3867099375,256.6132900625
nodules,subset4_34.jpg,7.90492271,7.90492271,118.952461355,111.047538645,321.952461355,314.047538645
nodules,subset4_35.jpg,14.13656827,14.13656827,310.068284135,295.931715865,219.068284135,204.931715865
nodules,subset4_36.jpg,11.23154253,11.23154253,339.615771265,328.384228735,258.615771265,247.384228735
nodules,subset4_37.jpg,7.083745614,7.083745614,53.541872807,46.458127193,223.541872807,216.458127193
nodules,subset4_38.jpg,5.866867348,5.866867348,180.933433674,175.066566326,336.933433674,331.066566326
nodules,subset4_39.jpg,7.196392768,7.196392768,32.598196384000005,25.401803615999995,173.598196384,166.401803616
nodules,subset4_40.jpg,16.02309072,16.02309072,272.01154536,255.98845464,163.01154536,146.98845464
nodules,subset4_41.jpg,5.663498473,5.663498473,26.831749236500002,21.168250763499998,288.8317492365,283.1682507635
nodules,subset4_42.jpg,13.05097889,13.05097889,120.525489445,107.474510555,148.525489445,135.474510555
nodules,subset4_43.jpg,5.183339807,5.183339807,85.59166990349999,80.40833009650001,336.59166990349996,331.40833009650004
nodules,subset4_44.jpg,5.165048038,5.165048038,372.582524019,367.417475981,290.582524019,285.417475981
nodules,subset4_45.jpg,3.820577768,3.820577768,391.910288884,388.089711116,231.910288884,228.089711116
nodules,subset4_46.jpg,20.52475616,20.52475616,298.26237808,277.73762192,306.26237808,285.73762192
nodules,subset4_47.jpg,6.967714598,6.967714598,144.483857299,137.516142701,361.483857299,354.516142701
nodules,subset4_48.jpg,8.811296392000001,8.811296392000001,-205.594351804,-214.405648196,-355.59435180400004,-364.40564819599996
nodules,subset4_49.jpg,17.60397571,17.60397571,316.801987855,299.198012145,155.801987855,138.198012145
nodules,subset4_50.jpg,4.554576075,4.554576075,390.2772880375,385.7227119625,203.2772880375,198.7227119625
nodules,subset4_51.jpg,5.087935068999999,5.087935068999999,72.5439675345,67.4560324655,131.5439675345,126.45603246549999
nodules,subset4_52.jpg,10.43124188,10.43124188,65.21562094,54.784379060000006,309.21562094,298.78437906
nodules,subset4_53.jpg,6.23861912,6.23861912,20.119309560000005,13.880690440000002,198.11930956,191.88069044
nodules,subset4_54.jpg,15.353919,15.353919,77.6769595,62.32304050000001,278.6769595,263.3230405
nodules,subset4_55.jpg,9.421061711,9.421061711,276.7105308555,267.2894691445,362.71053085550005,353.28946914449995
nodules,subset4_56.jpg,4.990997154,4.990997154,402.495498577,397.504501423,147.495498577,142.504501423
nodules,subset4_57.jpg,5.582216627,5.582216627,362.7911083135,357.2088916865,167.7911083135,162.2088916865
nodules,subset4_58.jpg,14.22065706,14.22065706,259.11032853,244.88967147,159.11032853,144.88967147
nodules,subset4_59.jpg,16.63502176,16.63502176,137.31751088,120.68248912,199.31751088,182.68248912
nodules,subset4_60.jpg,10.80320051,10.80320051,125.401600255,114.598399745,167.401600255,156.598399745
nodules,subset4_61.jpg,4.8250857410000005,4.8250857410000005,100.41254287049999,95.58745712950001,345.41254287050003,340.5874571295
nodules,subset5_0.jpg,5.529020275,5.529020275,379.7645101375,374.2354898625,139.7645101375,134.2354898625
nodules,subset5_1.jpg,5.362783598,5.362783598,56.681391799,51.318608201,254.681391799,249.318608201
nodules,subset5_2.jpg,4.3410799660000015,4.3410799660000015,266.17053998299997,261.82946001700003,319.17053998299997,314.82946001700003
nodules,subset5_3.jpg,8.70905255,8.70905255,134.354526275,125.645473725,243.354526275,234.645473725
nodules,subset5_4.jpg,8.623614727,8.623614727,327.3118073635,318.6881926365,129.3118073635,120.68819263649999
nodules,subset5_5.jpg,11.2322969,11.2322969,385.61614845,374.38385155,324.61614845,313.38385155
nodules,subset5_6.jpg,4.2161562880000005,4.2161562880000005,311.108078144,306.891921856,168.108078144,163.891921856
nodules,subset5_7.jpg,4.631274716,4.631274716,345.315637358,340.684362642,309.315637358,304.684362642
nodules,subset5_8.jpg,7.600976517999999,7.600976517999999,7.800488258999997,0.199511741000002,217.80048825900002,210.19951174099998
nodules,subset5_9.jpg,5.155662025,5.155662025,76.5778310125,71.4221689875,270.5778310125,265.4221689875
nodules,subset5_10.jpg,5.738087494,5.738087494,124.869043747,119.130956253,250.869043747,245.130956253
nodules,subset5_11.jpg,12.13515303,12.13515303,345.067576515,332.932423485,288.067576515,275.932423485
nodules,subset5_12.jpg,13.44804609,13.44804609,325.724023045,312.275976955,344.724023045,331.275976955
nodules,subset5_13.jpg,6.309861737,6.309861737,69.1549308685,62.8450691315,151.1549308685,144.8450691315
nodules,subset5_14.jpg,7.125812147,7.125812147,95.5629060735,88.43709392650001,263.56290607349996,256.43709392650004
nodules,subset5_15.jpg,22.46928325,22.46928325,327.234641625,304.765358375,226.234641625,203.765358375
nodules,subset5_16.jpg,7.296371672999999,7.296371672999999,82.64818583649999,75.35181416350001,219.6481858365,212.3518141635
nodules,subset5_17.jpg,5.490544909,5.490544909,403.74527245449997,398.25472754550003,275.7452724545,270.2547275455
nodules,subset5_18.jpg,13.84309944,13.84309944,149.92154972,136.07845028,359.92154972,346.07845028
nodules,subset5_19.jpg,5.806583725,5.806583725,327.9032918625,322.0967081375,179.9032918625,174.0967081375
nodules,subset5_20.jpg,6.70661454,6.70661454,324.35330727,317.64669273,309.35330727,302.64669273
nodules,subset5_21.jpg,7.3180998389999985,7.3180998389999985,400.6590499195,393.3409500805,170.6590499195,163.3409500805
nodules,subset5_22.jpg,10.33318806,10.33318806,136.16659403,125.83340597,352.16659403,341.83340597
nodules,subset5_23.jpg,5.253505195,5.253505195,134.6267525975,129.3732474025,336.6267525975,331.3732474025
nodules,subset5_24.jpg,8.391787919,8.391787919,80.19589395950001,71.8041060405,285.1958939595,276.8041060405
nodules,subset5_25.jpg,14.61583872,14.61583872,148.30791936,133.69208064,102.30791936,87.69208064
nodules,subset5_26.jpg,18.99864751,18.99864751,128.499323755,109.500676245,354.499323755,335.500676245
nodules,subset5_27.jpg,4.5700906980000005,4.5700906980000005,45.285045348999994,40.714954651,238.28504534900003,233.71495465100003
nodules,subset5_28.jpg,9.454440433,9.454440433,121.7272202165,112.2727797835,265.72722021650003,256.27277978349997
nodules,subset5_29.jpg,11.84107821,11.84107821,97.920539105,86.07946089500003,238.920539105,227.079460895
nodules,subset5_30.jpg,6.470686725,6.470686725,153.2353433625,146.7646566375,109.2353433625,102.7646566375
nodules,subset5_31.jpg,7.121051509,7.121051509,155.56052575450002,148.43947424549998,267.5605257545,260.4394742455
nodules,subset5_32.jpg,8.742043676,8.742043676,100.37102183799999,91.62897816200001,257.371021838,248.628978162
nodules,subset5_33.jpg,5.786347814,5.786347814,337.893173907,332.106826093,222.893173907,217.106826093
nodules,subset5_34.jpg,3.611869871,3.611869871,322.8059349355,319.1940650645,160.8059349355,157.1940650645
nodules,subset5_35.jpg,6.358950284,6.358950284,65.179475142,58.820524858,279.179475142,272.820524858
nodules,subset5_36.jpg,7.765435432,7.765435432,149.882717716,142.117282284,231.88271771599997,224.11728228400003
nodules,subset5_37.jpg,5.696507379,5.696507379,378.8482536895,373.1517463105,103.84825368950001,98.15174631049999
nodules,subset5_38.jpg,17.30912384,17.30912384,125.65456192,108.34543808,323.65456192,306.34543808
nodules,subset5_39.jpg,4.335976969,4.335976969,339.16798848450003,334.83201151549997,290.16798848450003,285.83201151549997
nodules,subset5_40.jpg,11.68644494,11.68644494,110.84322247,99.15677753,278.84322247,267.15677753
nodules,subset5_41.jpg,13.68374597,13.68374597,143.841872985,130.158127015,255.841872985,242.158127015
nodules,subset5_42.jpg,5.295457654,5.295457654,288.647728827,283.352271173,338.647728827,333.352271173
nodules,subset5_43.jpg,7.925895827000001,7.925895827000001,413.9629479135,406.0370520865,249.9629479135,242.0370520865
nodules,subset5_44.jpg,6.858527982000001,6.858527982000001,365.42926399099997,358.57073600900003,171.429263991,164.570736009
nodules,subset5_45.jpg,8.413884666,8.413884666,150.206942333,141.793057667,133.206942333,124.79305766700001
nodules,subset5_46.jpg,30.61040636,30.61040636,299.30520318,268.69479682,293.30520318,262.69479682
nodules,subset5_47.jpg,6.243459504,6.243459504,381.12172975199996,374.87827024800004,276.121729752,269.878270248
nodules,subset5_48.jpg,6.306448592000001,6.306448592000001,341.15322429599996,334.84677570400004,330.15322429599996,323.84677570400004
nodules,subset5_49.jpg,6.975190342,6.975190342,165.487595171,158.512404829,221.48759517099998,214.51240482900002
nodules,subset5_50.jpg,12.449031,12.449031,81.22451550000001,68.77548449999999,280.2245155,267.7754845
nodules,subset5_51.jpg,12.98553245,12.98553245,75.492766225,62.507233775,152.492766225,139.507233775
nodules,subset5_52.jpg,12.23861568,12.23861568,92.11930784,79.88069216,247.11930784,234.88069216
nodules,subset5_53.jpg,6.429381085,6.429381085,361.2146905425,354.7853094575,245.2146905425,238.7853094575
nodules,subset7_0.jpg,5.521988183,5.521988183,158.7609940915,153.2390059085,228.7609940915,223.2390059085
nodules,subset7_1.jpg,10.96737987,10.96737987,118.483689935,107.516310065,254.483689935,243.51631006500003
nodules,subset7_2.jpg,14.16396307,14.16396307,122.081981535,107.918018465,213.081981535,198.918018465
nodules,subset7_3.jpg,10.7593487,10.7593487,259.37967435,248.62032565,111.37967435,100.62032565
nodules,subset7_4.jpg,9.503203597999999,9.503203597999999,69.751601799,60.248398201,260.751601799,251.248398201
nodules,subset7_5.jpg,17.141662,17.141662,268.570831,251.429169,293.570831,276.429169
nodules,subset7_6.jpg,14.01055468,14.01055468,339.00527734,324.99472266,266.00527734,251.99472266
nodules,subset7_7.jpg,4.790997214,4.790997214,296.39549860700004,291.60450139299996,272.39549860700004,267.60450139299996
nodules,subset7_8.jpg,10.1269398,10.1269398,409.0634699,398.9365301,246.0634699,235.93653010000003
nodules,subset7_9.jpg,7.025592326,7.025592326,112.51279616299999,105.48720383700001,175.512796163,168.487203837
nodules,subset7_10.jpg,8.605650458,8.605650458,350.302825229,341.697174771,218.302825229,209.697174771
nodules,subset7_11.jpg,4.890021449,4.890021449,147.4450107245,142.5549892755,319.4450107245,314.5549892755
nodules,subset7_12.jpg,6.642184792,6.642184792,119.321092396,112.678907604,294.321092396,287.678907604
nodules,subset7_13.jpg,5.808348361,5.808348361,365.90417418050004,360.09582581949996,299.9041741805,294.0958258195
nodules,subset7_14.jpg,4.311583799,4.311583799,78.1557918995,73.8442081005,145.1557918995,140.8442081005
nodules,subset7_15.jpg,11.16379761,11.16379761,141.581898805,130.418101195,245.581898805,234.418101195
nodules,subset7_16.jpg,7.736403192,7.736403192,160.868201596,153.131798404,160.868201596,153.131798404
nodules,subset7_17.jpg,5.190273745,5.190273745,379.5951368725,374.4048631275,255.5951368725,250.4048631275
nodules,subset7_18.jpg,6.006388591,6.006388591,126.0031942955,119.9968057045,130.00319429549998,123.9968057045
nodules,subset7_19.jpg,14.86094152,14.86094152,296.43047076,281.56952924,227.43047076,212.56952924
nodules,subset7_20.jpg,7.789972805,7.789972805,153.8949864025,146.1050135975,309.8949864025,302.1050135975
nodules,subset7_21.jpg,6.844315185,6.844315185,131.4221575925,124.5778424075,220.4221575925,213.5778424075
nodules,subset7_22.jpg,4.889664292,4.889664292,107.44483214600001,102.55516785399999,93.44483214600001,88.55516785399998
nodules,subset7_23.jpg,5.2444687210000005,5.2444687210000005,296.6222343605,291.3777656395,349.62223436050004,344.37776563949996
nodules,subset7_24.jpg,10.91366167,10.91366167,113.456830835,102.543169165,272.456830835,261.543169165
nodules,subset7_25.jpg,4.443753341,4.443753341,127.2218766705,122.7781233295,328.22187667049997,323.77812332950003
nodules,subset7_26.jpg,5.674730826,5.674730826,344.83736541300004,339.162634587,227.837365413,222.162634587
nodules,subset7_27.jpg,4.297245295,4.297245295,333.1486226475,328.8513773525,174.1486226475,169.8513773525
nodules,subset7_28.jpg,5.053693982,5.053693982,-5.473153009000001,-10.526846991000001,173.52684699099999,168.473153009
nodules,subset7_29.jpg,6.134569156,6.134569156,66.067284578,59.932715422,123.067284578,116.932715422
nodules,subset7_30.jpg,9.088191083,9.088191083,365.54409554150004,356.45590445849996,245.5440955415,236.4559044585
nodules,subset7_31.jpg,11.04800959,11.04800959,126.524004795,115.475995205,357.524004795,346.475995205
nodules,subset7_32.jpg,7.985106486,7.985106486,82.992553243,75.007446757,311.992553243,304.007446757
nodules,subset7_33.jpg,8.687060064,8.687060064,262.343530032,253.65646996799998,129.34353003200002,120.656469968
nodules,subset7_34.jpg,9.930839143,9.930839143,103.9654195715,94.0345804285,166.9654195715,157.0345804285
nodules,subset7_35.jpg,22.88079244,22.88079244,155.44039622,132.55960378,251.44039622000003,228.55960378
nodules,subset7_36.jpg,5.5193768620000005,5.5193768620000005,342.759688431,337.240311569,325.759688431,320.240311569
nodules,subset7_37.jpg,4.402510304,4.402510304,69.201255152,64.798744848,114.201255152,109.798744848
nodules,subset7_38.jpg,9.745258507,9.745258507,78.87262925350001,69.12737074649999,235.87262925349998,226.12737074650002
nodules,subset7_39.jpg,11.62935127,11.62935127,89.81467563500001,78.18532436499999,236.814675635,225.185324365
nodules,subset7_40.jpg,7.340286975,7.340286975,28.6701434875,21.3298565125,161.6701434875,154.3298565125
nodules,subset7_41.jpg,6.929649846,6.929649846,61.464824923,54.535175077000005,159.46482492299998,152.53517507700002
nodules,subset7_42.jpg,9.494854536,9.494854536,139.747427268,130.252572732,292.74742726799997,283.25257273200003
nodules,subset7_43.jpg,22.23698113,22.23698113,169.118490565,146.881509435,245.118490565,222.881509435
nodules,subset7_44.jpg,11.36963426,11.36963426,358.68481713,347.31518287,255.68481713,244.31518287
nodules,subset7_45.jpg,4.084248678,4.084248678,337.042124339,332.957875661,228.04212433900003,223.95787566099997
nodules,subset7_46.jpg,25.41540526,25.41540526,147.70770263,122.29229737,111.70770263,86.29229737
nodules,subset7_47.jpg,5.934589046,5.934589046,140.967294523,135.032705477,280.96729452299996,275.03270547700004
nodules,subset7_48.jpg,11.4077692,11.4077692,341.70388460000004,330.29611539999996,251.7038846,240.2961154
nodules,subset7_49.jpg,3.968197931,3.968197931,251.98409896549998,248.01590103450002,211.98409896549998,208.01590103450002
nodules,subset7_50.jpg,5.109990357,5.109990357,116.55499517850001,111.44500482149999,104.55499517850001,99.44500482149999
nodules,subset7_51.jpg,5.193342015,5.193342015,415.5966710075,410.4033289925,254.5966710075,249.4033289925
nodules,subset7_52.jpg,20.38922514,20.38922514,392.19461257,371.80538743,197.19461257,176.80538743
nodules,subset7_53.jpg,4.900924695,4.900924695,346.4504623475,341.5495376525,278.4504623475,273.5495376525
nodules,subset8_0.jpg,22.13533119,22.13533119,367.067665595,344.932334405,258.067665595,235.932334405
nodules,subset8_1.jpg,4.895529998,4.895529998,398.447764999,393.552235001,157.447764999,152.552235001
nodules,subset8_2.jpg,23.68811013,23.68811013,106.844055065,83.15594493500002,227.844055065,204.155944935
nodules,subset8_3.jpg,18.38478817,18.38478817,95.192394085,76.807605915,287.192394085,268.807605915
nodules,subset8_4.jpg,5.719422603,5.719422603,140.8597113015,135.1402886985,332.8597113015,327.1402886985
nodules,subset8_5.jpg,5.834016122,5.834016122,321.917008061,316.082991939,222.917008061,217.082991939
nodules,subset8_6.jpg,13.34340431,13.34340431,369.671702155,356.328297845,267.671702155,254.328297845
nodules,subset8_7.jpg,6.223836401,6.223836401,144.11191820049999,137.88808179950001,323.1119182005,316.8880817995
nodules,subset8_8.jpg,10.63786384,10.63786384,382.31893192,371.68106808,218.31893192,207.68106808
nodules,subset8_9.jpg,11.47644347,11.47644347,242.738221735,231.261778265,289.738221735,278.261778265
nodules,subset8_10.jpg,6.009066896,6.009066896,395.004533448,388.995466552,324.004533448,317.995466552
